from,to
Der Wahrheit verpflichtet,PersonA
Honett,PersonA
Schöpferwissen Backup NEU siehe Kanalinfo (Youtube),PersonB
Schöpferwissen Ley (VK),PersonB
Schöpferwissen TV - Backup Kanal (RuTube),PersonB
Creator Monkeys TV,Julia
Schöpferwissen TV,Julia
Rettung der Menschheit TV,Helga
Rettung der Menschheit mit dem Schwert des Wissens,Helga
Rettung Menschheit UBC,Helga
Es ist alles gesagt,Helga
Aus die Maus,Helga
Rettung Menschheit?,Helga
Der Weg in deine Freiheit,Heiko
veritas lügensarg tv,Cilgia
Schöpferwissen TV UBC (ehemals Verloren und Wiedergefunden),Steffi
ausschn.de/,WauMauMau
facebook.com/wau.maumau.3,WauMauMau
facebook.com/wau.maumau.33,WauMauMau
instagram.com/ungeeignet/,WauMauMau
u n endlich ,WauMauMau
guelty till 11.12.23,WauMauMau
___k__ungefähr,WauMauMau
Schöpferwissen TV TIME FOR JUSTICE UBC,Tina
Schöpferwissen TV UBC NOBODY KNOWS,Tina
UBC - Schöpferwissen Thomas Veit - Wissensträger - NOBODYKNOWS,Tina
Exit Matrix Eilt (Telegram gelöscht),Tina
WISSEN - NICHT VON DIESER WELT,Franz
Der verlorene Zwilling TV,Franz
ALLESUNDNICHTS,Franz
Drachentöter TV,Franz
WER HAT ANGST VORM SCHWARZEN MANN,Franz
Veit Club,Franz
SON GOKU TV,Franz
PLANET VEIT,Franz
UBC TV,?
Schöpferwissen- Peek-TV,?
The time is now,?
bewusstundso,?
