Id,Label,Color
0,menschen,not_selected
1,wissen,not_selected
2,verstehen,not_selected
3,darum,not_selected
4,warum,not_selected
5,liebe,not_selected
6,geben,selected
7,you,not_selected
8,mensch,selected
9,projekt,not_selected
10,tun,not_selected
11,sehen,not_selected
12,gehen,not_selected
13,glauben,not_selected
14,mail,not_selected
15,wahrheit,selected
16,the,not_selected
17,matrix,not_selected
18,kommen,not_selected
19,natürlich,not_selected
20,welt,not_selected
21,begreifen,not_selected
22,angst,not_selected
23,lang,not_selected
24,müssen,not_selected
25,einfach,not_selected
26,stellen,not_selected
27,eigen,not_selected
28,leben,selected
29,a,not_selected
30,neu,not_selected
31,erkennen,not_selected
32,tv,not_selected
33,thomas,not_selected
34,draussen,not_selected
35,zeit,not_selected
36,heraus,not_selected
37,helfen,not_selected
38,schreiben,not_selected
39,lassen,not_selected
40,seele,not_selected
41,seminar,not_selected
42,entwicklung,not_selected
43,gut,not_selected
44,buch,not_selected
45,lieb,not_selected
46,bewusstsein,not_selected
47,menschheit,not_selected
48,bringen,not_selected
49,ganz,not_selected
50,wer,not_selected
51,and,not_selected
52,stehen,not_selected
53,ähm,not_selected
54,wahrhaft,not_selected
55,programme,not_selected
56,programm,not_selected
57,geld,not_selected
58,to,not_selected
59,genau,not_selected
60,treffen,not_selected
61,nehmen,not_selected
62,lesen,not_selected
63,drei,not_selected
64,julia,not_selected
65,hallo,not_selected
66,thema,not_selected
67,lüge,not_selected
68,heuen,not_selected
69,nix,not_selected
70,jahren,not_selected
71,information,not_selected
72,handeln,not_selected
73,is,not_selected
74,gross,not_selected
75,nie,not_selected
76,eigentlich,not_selected
77,nein,not_selected
78,morgen,not_selected
79,gedanke,not_selected
80,sinne,not_selected
81,realität,not_selected
82,körper,selected
83,niemand,not_selected
84,führen,not_selected
85,lernen,not_selected
86,wichtig,not_selected
87,dinge,not_selected
88,freund,not_selected
89,zwei,not_selected
90,sprache,not_selected
91,halten,not_selected
92,wirklich,not_selected
93,denen,not_selected
94,davonen,not_selected
95,denken,not_selected
96,frage,not_selected
97,prinzip,not_selected
98,schöpfer,not_selected
99,tag,not_selected
100,kennen,not_selected
101,beispiel,not_selected
102,b,not_selected
103,gibt,not_selected
104,licht,not_selected
105,gleich,not_selected
106,gerade,not_selected
107,bedeuten,not_selected
108,eins,not_selected
109,erkenntnisse,not_selected
110,i,not_selected
111,zeigen,not_selected
112,finden,not_selected
113,lage,not_selected
114,geistig,not_selected
115,los,not_selected
116,vier,not_selected
117,sollen,not_selected
118,sogenannt,not_selected
119,egal,not_selected
120,allein,not_selected
121,immern,not_selected
122,programmierung,not_selected
123,ewig,not_selected
124,deutschland,not_selected
125,bekommen,not_selected
126,spiel,not_selected
127,lügen,not_selected
128,raum,not_selected
129,nochmal,not_selected
130,klein,not_selected
131,kraft,not_selected
132,fünf,not_selected
133,wesen,not_selected
134,kinder,not_selected
135,deswegen,not_selected
136,brauchen,not_selected
137,mögen,not_selected
138,klar,not_selected
139,gar,not_selected
140,versuchen,not_selected
141,m,not_selected
142,passiert,not_selected
143,erklären,not_selected
144,dabeien,not_selected
145,rettung,not_selected
146,dämonen,not_selected
147,wort,not_selected
148,gerne,not_selected
149,laufen,not_selected
150,jahre,not_selected
151,okay,not_selected
152,eu,not_selected
153,fragen,not_selected
154,schauen,not_selected
155,teil,not_selected
156,dafür,not_selected
157,nämlich,not_selected
158,möglichkeit,not_selected
159,planeten,not_selected
160,sprechen,not_selected
161,weit,not_selected
162,teilen,not_selected
163,d,not_selected
164,letzt,not_selected
165,erde,not_selected
166,niemals,not_selected
167,gehören,not_selected
168,thailand,not_selected
169,fernstudium,not_selected
170,bleiben,not_selected
171,schaffen,not_selected
172,schnell,not_selected
173,moment,not_selected
174,sterben,not_selected
175,grabovoi,not_selected
176,auto,not_selected
177,daran,not_selected
178,seid,not_selected
179,quasi,not_selected
180,beitrag,not_selected
181,völlig,not_selected
182,dafüren,not_selected
183,selb,not_selected
184,unserer,not_selected
185,heiko,not_selected
186,erleben,not_selected
187,illusion,not_selected
188,informationen,not_selected
189,meist,not_selected
190,frei,not_selected
191,endlich,not_selected
192,natürlichen,not_selected
193,schw,not_selected
194,wahr,not_selected
195,reden,not_selected
196,wagen,not_selected
197,beim,not_selected
198,energie,not_selected
199,arbeiten,not_selected
200,tragen,not_selected
201,ende,not_selected
202,frau,not_selected
203,zurück,not_selected
204,sitzen,not_selected
205,grund,not_selected
206,schön,not_selected
207,sorgen,not_selected
208,einfachen,not_selected
209,möglich,not_selected
210,prozent,not_selected
211,richtig,not_selected
212,na,not_selected
213,dingen,not_selected
214,eher,not_selected
215,arbeit,not_selected
216,gesamt,not_selected
217,bitten,not_selected
218,hilfe,not_selected
219,beispielsweise,not_selected
220,lange,not_selected
221,falsch,not_selected
222,logisch,not_selected
223,wahrhaftigkeit,not_selected
224,habt,not_selected
225,bereits,not_selected
226,stark,not_selected
227,vergessen,not_selected
228,folgen,not_selected
229,kurz,not_selected
230,entscheidung,not_selected
231,anfang,not_selected
232,carola,not_selected
233,beobachten,not_selected
234,dabei,not_selected
235,erfahren,not_selected
236,augen,not_selected
237,seit,not_selected
238,sogar,not_selected
239,sinn,not_selected
240,irgendwie,not_selected
241,aufgabe,not_selected
242,sowas,not_selected
243,geschichte,not_selected
244,wohl,not_selected
245,fall,not_selected
246,funktionieren,not_selected
247,rein,not_selected
248,art,not_selected
249,dürfen,not_selected
250,heisst,not_selected
251,kopf,not_selected
252,nennen,not_selected
253,julian,not_selected
254,macht,not_selected
255,damals,not_selected
256,stelle,not_selected
257,problem,not_selected
258,n,not_selected
259,e,not_selected
260,weiss,not_selected
261,jemand,not_selected
262,erkenntnis,not_selected
263,genauso,not_selected
264,normal,not_selected
265,fahren,not_selected
266,einzig,not_selected
267,heute,not_selected
268,leider,not_selected
269,seminare,not_selected
270,wurde,not_selected
271,setzen,not_selected
272,absolut,not_selected
273,zehn,not_selected
274,raus,not_selected
275,malten,not_selected
276,alt,not_selected
277,alleine,not_selected
278,dadurch,not_selected
279,sofort,not_selected
280,hm,not_selected
281,sehe,not_selected
282,ne,not_selected
283,erzählen,not_selected
284,paar,not_selected
285,oh,not_selected
286,feststellen,not_selected
287,mache,not_selected
288,überall,not_selected
289,wobei,not_selected
290,wenig,not_selected
291,worden,not_selected
292,video,not_selected
293,ding,not_selected
294,hoch,not_selected
295,ändern,not_selected
296,obwohl,not_selected
297,solange,not_selected
298,voll,not_selected
299,ok,not_selected
