publish_date,id,title,sentiments,effects,sound,behaviour,tags,people,location
2022-03-14,kVbRq4eZxBw,Code Wort:Covid 19,0,0,0,0,0,0,0
2022-02-07,VusckwKSW4Y,"BRAKING NEWS!!! PART I : Schokierende Wahrheit: Thomas berichtet erstmalig √ºber das ""Droneproject""",0,0,0,0,0,0,0
2022-01-15,hMDS0Otec3A,Die heisse Phase,0,0,0,0,0,0,0
2022-01-13,_dLyf5zy-Nc,DAS GR√ñSSTE VERBRECHEN AN DER MENSCHEIT - wir decken es auf!,0,0,0,0,0,0,0
2022-01-12,oQ6ML1ioNo0,CARS GO BACK TO THE OWNERS,0,0,0,0,0,0,0
2022-01-07,wvjCGJ_VPCQ,FYI,0,0,0,0,0,0,0
2021-12-19,vKS_OPPKPOA,PAPA smash our car,0,0,0,0,0,0,0
2021-12-19,9rW1gghUJ5k,AKTE X,0,0,0,0,0,0,0
2021-12-19,_rrfGBSXEi0,SECRET SOCIETY,0,0,0,0,0,0,0
2021-12-07,ETRF7Re3zLk,Russian Healing Methods - Thailand - Chiang Mai,0,0,0,0,0,0,0
2021-12-07,GD32vclg_us,HOW BIG IS YOUR POWER?,0,0,0,0,0,0,0
2021-12-07,26rr-ZSrLYQ,WHAT FOR?,0,0,0,0,0,0,0
2021-11-23,_5mGHw0s4Sk,Illusory World,0,0,0,0,0,0,0
2021-11-20,Zj5MeFGHLmo,Unbelievable Truth,0,0,0,0,0,0,0
2021-11-15,ijQ1mVQXaUU,Meuchelmord,0,0,0,0,0,0,0
2021-11-14,QfrTa20bv2c,CAPTURES OF HUMAN SLAVERY,0,0,0,0,0,0,0
2021-11-03,3V0jE0Yd8WE,MUST WATCH!! TRAVEL TO THAILAND,0,0,0,0,0,0,0
2021-10-30,rkyCW35DkOs,"WARNING!DIPLOMATIC STATUS [Diplomatic Act, 1961]",0,0,0,0,0,0,0
2021-10-14,ygou3LsUrZs,Total Recall,0,0,0,0,0,0,0
2021-10-07,XqSDrcnK-a4,CRIME on US,0,0,0,0,0,0,0
2021-10-03,NloTktphHzE,humans alive,0,0,0,0,0,0,0
2021-09-27,9ToHJbl8od4,Sattahip Private Pool Villa,0,0,0,0,0,0,0
2021-09-18,vRYrMUVldfw,Is Thailand in War ?,0,0,0,0,0,0,0
2021-07-09,3-ORZbSjfn4,truthful us UNCUT,0,0,0,0,0,0,0
2021-07-09,TmPO1-brF_M,Der Teufel hat viele Helfer - The Devils assistant,0,0,0,0,0,0,0
2021-07-04,RGPrnZrM8o4,Maintaining the illusion : She sent her Soldier for hire to demonstrate power and make us fear.,0,0,0,0,0,0,0
2021-07-02,PoVOb1bSUJQ,"Traces of Truth: Documentary Live Life Story, Sattahip Thailand",0,0,0,0,0,0,0
2021-07-02,nuYUDdg-3j0,"""We came in Peace"", Major of Municipality Gorbitz @ Sattahip, Thailand; THOMAS VEIT",0,0,0,0,0,0,0
2021-06-29,Hxhe_syjErM,TOP  SECRET : Professional Fire Bomb - These guys want to kill me!,0,0,0,0,0,0,0
2021-06-28,kmCZsh-7G6c,How Facebook and Social Media rules your world,0,0,0,0,0,0,0
2021-06-24,1jsnIxER-zA,"PORSCHE CAYENNE: a truelife story about ENVY, JALOUSY & HATE",0,0,0,0,0,0,0
2021-06-22,R5qCZbQ8XHU,"Home, Sweet Home ..",0,0,0,0,0,0,0
2021-06-18,KCfhhCyLFos,BECOME THE MASTER OF DISASTER,0,0,0,0,0,0,0
2021-06-18,Dq273CIT0bA,TRASH DEPOS,0,0,0,0,0,0,0
2021-06-18,StvjtyuU6bg,THEY DO NOT KNOW WHAT THEY DO,0,0,0,0,0,0,0
2021-06-18,6TB8NMnO6iU,SOCIETY,0,0,0,0,0,0,0
2021-06-18,hiC4K7xg9gU,F*** THE NEW WORLD,0,0,0,0,0,0,0
2021-06-18,eKikwenrO_s,PORSCHE CAYENNE - HE SHOULD BE DEATH,0,0,0,0,0,0,0
2021-06-18,wp2ibZwJtPc,Hell is HOT,0,0,0,0,0,0,0
2021-06-18,tIBjnHVfoGs,GO!,0,0,0,0,0,0,0
2021-04-12,hlsEhuSJGxg,heute xPress,0,0,0,0,0,0,0
2021-03-24,t9BMVCjT_P4,moments of march 21: julia to dejan and helmut is nowhere to find . .,0,0,0,0,0,0,0
2021-03-24,j31WQcBLU-Y,Das brennende Automobil - Dokumentationen aus dem Leben,0,0,0,0,0,0,0
2021-03-24,h58XAjCu_yU,Recycle Yourself,0,0,0,0,0,0,0
2021-03-21,AZ3yQ8lv1Vo,m a f i a : INSIDERinfo,0,0,0,0,0,0,0
2021-03-15,HHJeYAYtP4E,Der Preis des Wissens,0,0,0,0,0,0,0
2021-03-09,KuXB5U5cDfY,grenzgang : Dualit√§ten,0,0,0,0,0,0,0
2021-03-04,_N4xIqVfDJk,grenzgang : crossing borders within,0,0,0,0,0,0,0
2021-02-24,pn5lSQepisI,Endzeit Baby,0,0,0,0,0,0,0
2021-02-23,YdjEl-tTW9A,"One for All - All for One : Einer f√ºr Alle, Alle f√ºr Einen - Sch√∂pferwissen TVhautnah O2/2021",0,0,0,0,0,0,0
2021-02-22,VCy9AQa5TZQ,menschlicher Fehler,0,0,0,0,0,0,0
2021-02-07,Rel_YOfeiw0,"Liebe, Sex und ..  - Wo ist das Wissen?",0,0,0,0,0,0,0
2021-01-31,7Jz7F9oVEbc,Du hast dein Leben verspielt!,0,0,0,0,0,0,0
2021-01-31,EP5Jg5E0C1U,Warum der Mensch heute kein Wissen hat,0,0,0,0,0,0,0
2021-01-31,gKtqSP2xetA,Dejan + Helmut = Teilnahme Fernstudium*,0,0,0,0,0,0,0
2021-01-31,y3_76vLEZ-I,ùÖòunplugged,0,0,0,0,0,0,0
2021-01-30,Xif83CKsubU,about Sonkran - Das thailaendische Wasserfest,0,0,0,0,0,0,0
2021-01-27,l0itrfDNCJY,Corona Update - Agenda 21,0,0,0,0,0,0,0
2021-01-27,xkrnnNr3eOk,Corona: Wer  steckt wirklich dahinter?,0,0,0,0,0,0,0
2021-01-22,LwqQTHVsvdE,Hey Jude,0,0,0,0,0,0,0
2021-01-22,RzOWybd0Bk4,THE CORONA GAME,0,0,0,0,0,0,0
2021-01-20,wYbUNKgjb34,Bild Dir deine Meinung : Wahnsinn oder Geldgier ?,0,0,0,0,0,0,0
2021-01-13,BpMkJEa7Iq4,Ein Blick 00,0,0,0,0,0,0,0
2020-12-19,lI0cAcTqu5k,EIN BLICK 01,0,0,0,0,0,0,0
2020-12-19,I11eXWM-PM0,Lost & Found,0,0,0,0,0,0,0
2020-12-11,NAdGgCkfVI4,Kampf Gesang: ‡πÑ‡∏ó‡∏¢ - free man,0,0,0,0,0,0,0
2020-12-07,madJsWJUFog,MADNESS,0,0,0,0,0,0,0
2020-12-05,nWnEFry__CA,Life After Life,0,0,0,0,0,0,0
2020-11-25,x4eJ3ck75vk,"Der informative Einfluss, der allgegenw√§rtig auf uns lastet",0,0,0,0,0,0,0
2020-11-13,5xdyuKowZVw,WRONG WORLD II,0,0,0,0,0,0,0
2020-11-12,I7dMJzvwEVE,WRONG WORLD : Life after COVID,0,0,0,0,0,0,0
2020-10-21,GALySk-AIa4,SUPER ZERO HERO : Nightmares on Planet Earth,0,0,0,0,0,0,0
2020-09-30,Uivg5liDDUc,TRAVEL TO THAILAND,0,0,0,0,0,0,0
2020-09-20,3hkcPbCUbJ8,DARKSIDE - Die Schattenseiten des Daseins,0,0,0,0,0,0,0
2020-09-20,SXRcXxfdcds,COVID-19 : Die Geschichte wiederholt sich,0,0,0,0,0,0,0
2020-09-17,MfxakPSnkk4,You believe in Covid19?,0,0,0,0,0,0,0
2020-09-17,n10YD85CYyk,bewusst Sein,0,0,0,0,0,0,0
2020-09-11,I4mVYROBYxk,Katastrophen COVID Zeiten,0,0,0,0,0,0,0
2020-09-09,F2HWt6QvEnc,COVID-19 - Real Life Situation Report,0,0,0,0,0,0,0
2020-09-05,cPaT0OlLehc,"massimo: salvarsi ! ENGLISH VERSION ! Same Same, but different.",0,0,0,0,0,0,0
2020-09-05,oJObX8p8Cn4,massimo: salvarsi ! INSIDERINFO THOMAS ADF VEIT,0,0,0,0,0,0,0
2020-08-27,8_mcp8okRyo,Spiel des Lebens,0,0,0,0,0,0,0
2020-08-25,domTvWABYeg,THAI Talk,0,0,0,0,0,0,0
2020-08-21,kfLRugjTIBo,SOS,0,0,0,0,0,0,0
2020-08-12,z8cG9XBG1es,A QUESTION ABOUT MONEY ?,0,0,0,0,0,0,0
2020-07-31,te1EWcqMiRs,DISTRESS COVID-19,0,0,0,0,0,0,0
2020-07-28,wdINWJMeGTk,In Zeiten der COVID-19 Krise erf√§hrt die NWO ihren H√∂hepunkt,0,0,0,0,0,0,0
2020-07-25,Dm05JEZaItY,Die Grundsatzfrage,0,0,0,0,0,0,0
2020-07-25,MpePYcZQd_Y,ALITA : Battle Angel,0,0,0,0,0,0,0
2020-07-25,m2e7rditndc,"Mode Trend Maske : Nein, Danke !",0,0,0,0,0,0,0
2020-07-22,u96iRiTG8bw,Notstand in Thailand : Falscher Hass - Der Fall Porsche Cayenne,0,0,0,0,0,0,0
2020-07-22,VjR8229f5EE,"Die NWO sch√§gt zu : Wer die Wahrheit spricht, braucht ein verdammt schnelles Boot!",0,0,0,0,0,0,0
2020-07-22,NlIZCujKq44,"BLACK goo,  COVID-19,  NWO und DU",0,0,0,0,0,0,0
2020-07-18,nY3jvizHyp8,"COVID-19, wenn Du erkennst . .",0,0,0,0,0,0,0
2020-07-02,SpVSGh2yUXQ,Trainingssache - Wie wir arbeiten,0,0,0,0,0,0,0
2020-07-02,2E_kayEiWDE,Gedankenfrei im Kopf - Wie erreichst Du das?,0,0,0,0,0,0,0
2020-06-28,ykUm5pPyyNg,Fang besser an Dich f√ºr Autos zu interessieren . .,0,0,0,0,0,0,0
2020-06-28,CV8F5K8m6Ug,"Praktische K√ºnste, die Welt ist Technik",0,0,0,0,0,0,0
2020-06-26,sOU1gESWZCY,LOST PARADISE 67ff. - SPIRIUELLES KONZEPT FEHLANZEIGE,0,0,0,0,0,0,0
2020-06-26,IMrMxo-yiMY,‚â§ L√ºge ‚â• Unreine Information = L√ºge = Betrug {O} SELBSTT√ÑUSCHUNG,0,0,0,0,0,0,0
2020-06-23,tR27oCQkCKg,COVID19 Die Welt steht still - Thomas spricht √ºber das was ihn bewegt,0,0,0,0,0,0,0
2020-06-19,234xg0TO_Lg,Ph√§nomene der Endzeit,0,0,0,0,0,0,0
2020-06-15,dEcfLtW6W3M,Manipulierte Hilfe weltweit,0,0,0,0,0,0,0
2020-06-14,9x37gG-t96U,Der Skandal des Unbewussten,0,0,0,0,0,0,0
2020-06-10,C-prUClaj58,SURVIVOR reloaded,0,0,0,0,0,0,0
2020-06-10,HFeqFIv73Jc,"Der Workshop des Grauens (TV Unplugged, June 2020)",0,0,0,0,0,0,0
2020-06-03,heW2wghCFdQ,Unplugged,0,0,0,0,0,0,0
2020-05-31,zBn3cizEC0c,Entprogrammierung fehlgeschlagen!,0,0,0,0,0,0,0
2020-05-24,NUAL2VPz16M,Mai Movie,0,0,0,0,0,0,0
2020-05-12,5zRhaV7w4uM,! ? ? ! DIE ERDE IST FREI ! ? ? !,0,0,0,0,0,0,0
2020-05-12,WsNmyj6crVs,i n form iere Dich (nicht),0,0,0,0,0,0,0
2020-05-12,PYtG_dSc_pI,„Äåvirus„Äç„ÅÆÊÑèÂë≥,0,0,0,0,0,0,0
2020-05-12,CPNtxg0iUJg,WER VERMUTET DENN DAS DIESE WELT SO SCHLECHT IST,0,0,0,0,0,0,0
2020-05-02,mQsIOocLe_Q,DER SONDERZUG NACH COVID,0,0,0,0,0,0,0
2020-04-27,HEK9PmHEmuY,Corona-Krise 2020 : Kein Happy End in Sicht,0,0,0,0,0,0,0
2020-04-26,Al3_ru9wqmo,"Die Pest + EBOLA + Corona = Hurra,hurra, die neue Weltordnung ist da",0,0,0,0,0,0,0
2020-04-12,2ZV9I0vNXEY,Planet der Affen - Am Anfang war das Wort,0,0,0,0,0,0,0
2020-04-12,EkBf_9w9saY,ANGSt,0,0,0,0,0,0,0
2020-04-11,Nin0bXam88w,PH√ñNIX - Denkmal der Ewigkeit,0,0,0,0,0,0,0
2020-04-10,tXzHk1zmvto,Kopfkrankheit - WHO ruft internationalen Notstand aus?!?,0,0,0,0,0,0,0
2020-04-07,pUywZJkvFRo,So entstehen Realit√§ten,0,0,0,0,0,0,0
2020-03-31,RQ4InB-oyno,corona krise,0,0,0,0,0,0,0
2020-03-30,8n9KuIqtuo0,CORONAVIRUS UPDATE AN ALLE MENSCHEN,0,0,0,0,0,0,0
2020-03-27,wbLP9Qd3H9k,Warnung zu COVID-19,0,0,0,0,0,0,0
2020-03-21,7lzKZtZiv4s,√ºber das verlieren und sich selbst kontrollieren,0,0,0,0,0,0,0
2020-03-21,dlqXYv-U3-o,In the Ghetto,0,0,0,0,0,0,0
2020-03-20,trd01LLuD5w,Coronavirus Update,0,0,0,0,0,0,0
2020-03-05,J3dunVyjdi0,Corona Virus in Europa,0,0,0,0,0,0,0
2020-02-24,ElqTeq4btxU,Nebuchadnezzar ... where the crew would locate and free the minds of other humans,0,0,0,0,0,0,0
2020-02-17,PMKpk6bkq6I,Schokierende Wahrheit √ºber das Coronavirus : Es existiert nicht!,0,0,0,0,0,0,0
2020-02-16,lRmQdVnOCYo,Entdecke Wahrhaftigkeit!,0,0,0,0,0,0,0
2020-02-03,DPhjTcTPHRM,tag beginnt IV,0,0,0,0,0,0,0
2020-02-03,bSKDEhuFBN0,"Tag beginnt, dritter Teil",0,0,0,0,0,0,0
2020-02-03,Tdf6UdMKga0,tag beginnt teil zwei,0,0,0,0,0,0,0
2020-02-01,Hbe83UerEeU,tag beginnt,0,0,0,0,0,0,0
2020-01-22,fafzeuZNuhQ,Das Erbe dieser Welt :: Der Kampf ums Paradies,0,0,0,0,0,0,0
2020-01-22,d5RZ3AigKbw,WISSEN,0,0,0,0,0,0,0
2020-01-19,tytilItp-50,KAMPF,0,0,0,0,0,0,0
2020-01-18,2Oq-9OLi-SE,Der Traum ist aus - Selbstt√§uschung,0,0,0,0,0,0,0
2020-01-10,8efNMfNOrAs,Das Erbe dieser Welt,0,0,0,0,0,0,0
2020-01-09,eZdomtePGTw,Wenn der Vorhang f√§llt,0,0,0,0,0,0,0
2020-01-01,7YJlaZauZck,D√ÑMONISCH,0,0,0,0,0,0,0
2019-12-19,L66kwbUaM8g,fall ben fettfuss,0,0,0,0,0,0,0
2019-12-19,kdBN60_ehH8,Kapit√§n Paul,0,0,0,0,0,0,0
2019-12-19,i3U6Ad8f7_Q,"Es gibt keine Garantie, keine Sicherheit - F√ºr Nichts.",0,0,0,0,0,0,0
2019-12-13,ugy_Yl_jFGA,gaizaz,0,0,0,0,0,0,0
2019-12-09,ytQKMSzSFrs,Helm + X,0,0,0,0,0,0,0
2019-12-08,YfK5LvGXXGE,Selbst ist der Mann,0,0,0,0,0,0,0
2019-12-08,X4wLce0Jj80,Welt der Wunder?,0,0,0,0,0,0,0
2019-12-02,LvEvufTrp1Q,œÑœÅŒπŒ¨œÇ,0,0,0,0,0,0,0
2019-11-28,dlY1Clxm-b0,/d…õ≈ãknÃ©/,0,0,0,0,0,0,0
2019-11-26,2iEQDuuZwwI,œàœÖœáŒÆ,0,0,0,0,0,0,0
2019-11-24,eN5aRTs1mdg,–≤–∏–π—Ç–∏,0,0,0,0,0,0,0
2019-11-23,iTf-fp_J5Hw,"rette sich, wer kann - every man for himself",0,0,0,0,0,0,0
2019-11-23,FHM7X55xwAo,/AuÃÅto/,0,0,0,0,0,0,0
2019-11-22,oFZNkTs5k3I,Ein Gleichnis - Die Offenbarung im Milchshake,0,0,0,0,0,0,0
2019-11-20,_LEpsueMr98,CouchTalk novembeR 2 0 1 9,0,0,0,0,0,0,0
2019-11-18,Iflwh0uEeYY,Das Seminar der anderen Art : Dein Training im Umgang mit Informationen,0,0,0,0,0,0,0
2019-11-15,eszt_n423Y0,Sch√∂pferwissen TV am Ende der Zeit : Umgang mit Informationen,0,0,0,0,0,0,0
2019-11-15,lJ-MGNCP4-Q,zemiÀànaÀê…êÃØ : Das Seminar der anderen Art,0,0,0,0,0,0,0
2019-11-13,oBG8WxkEtO4,Das gr√∂sste Problem des Menschen ist er Selbst,0,0,0,0,0,0,0
2019-11-12,vSvlLqxJI-I,Kapit√§n Paul - Wer Bist du wirklich?,0,0,0,0,0,0,0
2019-11-12,GhNCA1ndOy0,wenn Menschen √ºber Menschen reden,0,0,0,0,0,0,0
2019-11-03,P203IZYscOI,Angst Angst Angst - ANGST √ºberall,0,0,0,0,0,0,0
2019-11-03,9s_6CPe1Am0,"Trailer Faszination Wissen - Wer plant, ergibt sich der Sklaverei",0,0,0,0,0,0,0
2019-10-27,yIT_nbzetBg,"Warum bin Ich, wie Ich bin?",0,0,0,0,0,0,0
2019-10-27,99gX6GBM010,Kann ein Blinder einem Blinden den Weg weisen?,0,0,0,0,0,0,0
2019-10-26,2ninbya6LAg,Sch√∂pferwissen TV  am Ende der Zeit,0,0,0,0,0,0,0
2019-10-22,lsfnmAi7Ayg,Die NWO in DIr,0,0,0,0,0,0,0
2019-10-20,cb_IZYiGdsY,Blickwinkel schoepferwissenTVhautnah,0,0,0,0,0,0,0
2019-10-19,wBFfGyt6nqw,·ºêœÑœÖŒºŒøŒªŒøŒ≥ŒØŒ±,0,0,0,0,0,0,0
2019-10-17,d2bzagjQUD8,Podcast auto talk,0,0,0,0,0,0,0
2019-10-15,sQThhiJ1p7A,Gefangenenchor Flieg Gedanke schoepferwissenTV,0,0,0,0,0,0,0
2019-10-12,Ccp6ZnkshlY,Die Wahrheit ver√§ndert Dich,0,0,0,0,0,0,0
2019-10-07,gYIVlmrlxco,heute morgen,0,0,0,0,0,0,0
2019-10-07,1tJSOHUXmKs,"Du wei√üt nicht, wie das Wort in der Welt Realit√§ten erzeugt",0,0,0,0,0,0,0
2019-10-02,RCrMtmSpSjE,"Wie deine Absichten dich um dein Leben bringen - Intention, the most powerful tool of creation",0,0,0,0,0,0,0
2019-09-28,LeyoYbMio8E,Fight Maschine,0,0,0,0,0,0,0
2019-09-27,ryH9HCDk5fI,Familie,0,0,0,0,0,0,0
2019-09-27,fk_zRZlO7ZY,…°…õlt,0,0,0,0,0,0,0
2019-09-25,huvdBpVcMa4,"Die Bautenzug Verschw√∂rung, die Stasi ermittelt",0,0,0,0,0,0,0
2019-09-25,I6v1fRa_ci8,"Das menschliche Versagen.Wir sprechen die selbe Sprache, doch verstehen tun wir uns nicht.",0,0,0,0,0,0,0
2019-09-23,iVid7dIc43s,"bist Du? ja, ich bin.",0,0,0,0,0,0,0
2019-09-23,fNImETBtLdc,"Reden ist Silber, Schweigen ist Gold",0,0,0,0,0,0,0
2019-09-22,75y2zALDz5I,Kein Mensch ist absichtlich B√∂se es fehlt ihm nur das richtige Verstehen,0,0,0,0,0,0,0
2019-09-18,bFacicUlU6E,Individualismus leben: Hast du Angst aus der Reihe zu tanzen?,0,0,0,0,0,0,0
2019-09-17,HbpJD4rGuJg,Wenn die Angst Dich l√§hmt ..,0,0,0,0,0,0,0
2019-09-11,-VisAS3x1xE,Die Renaissance der Liebe,0,0,0,0,0,0,0
2019-09-10,wHRmhoIcRVA,"Wer die Freiheit aufgibt, um Sicherheit zu gewinnen, wird am Ende beides verlieren",0,0,0,0,0,0,0
2019-09-09,y6KTfAUMQII,mit den Ereignissen 08092019,0,0,0,0,0,0,0
2019-09-08,tXtMJ1L69Wc,Ein St√ºck Freiheit,0,0,0,0,0,0,0
2019-09-01,hrnWdl1Cths,Jetzt oder Nie,0,0,0,0,0,0,0
2019-09-01,e_TfkPlmiVw,"Irren ist menschlich, aber auf Irrt√ºmern zu bestehen ist teuflisch.",0,0,0,0,0,0,0
2019-08-28,uUoTiSKX2_Q,vertrauensvoll authentich,0,0,0,0,0,0,0
2019-08-27,AULGD3rloVQ,"verschollen: Ihr seit nicht meine Eltern, aber ich liebe euch",0,0,0,0,0,0,0
2019-08-25,jVS00MR7fFM,Jeder Moment ist eine Chance zu verstehen wer Du bist und wer Du nicht bist.,0,0,0,0,0,0,0
2019-08-25,E-9hP5rfzmw,Wenn Du w√ºsstest ..,0,0,0,0,0,0,0
2019-08-22,BB-UwHnDToE,Leben ist ..,0,0,0,0,0,0,0
2019-08-17,86zRqTVl0s0,"Ich kann, weil Ich will, was Ich muss?",0,0,0,0,0,0,0
2019-08-16,6seTvkkvfyw,cash cow part3,0,0,0,0,0,0,0
2019-08-13,Bjmmpr9klAo,sanfte Gr√ºsse aus der Wirklichkeit,0,0,0,0,0,0,0
2019-08-13,FlPGHidoi6k,Das gilt auch f√ºr Dich - Fremdsteuerung Mensch,0,0,0,0,0,0,0
2019-08-09,qMLRthPjRaw,Wer k√§mpft kann verlieren. Wer nicht k√§mpft hat schon verloren. (Bertolt Brecht),0,0,0,0,0,0,0
2019-08-02,Vq8g3MdVLrE,kampfkunst - Bruce  Lee - die mittelbare Frequenz,0,0,0,0,0,0,0
2019-08-02,Q8M7PRJ-3pI,cash cow evidence part I,0,0,0,0,0,0,0
2019-08-01,0I2Za_mU1LA,cash cow part2,0,0,0,0,0,0,0
2019-07-31,VZUBycRaaIM,Egal was in diesem Seminar passiert  bleib bei Dir,0,0,0,0,0,0,0
2019-07-31,sD0z1FYDdTM,"space time continuum, before christi",0,0,0,0,0,0,0
2019-07-27,nWp91wNOf9Y,Ein Moment der Wahrheit,0,0,0,0,0,0,0
2019-07-20,IXWstRJOFCs,Einen Moment der Schw√§che,0,0,0,0,0,0,0
2019-07-17,5ZKXoISaSio,der tod ist nicht die l√∂sung.sterben nur eine illusion,0,0,0,0,0,0,0
2019-07-13,ZyUl31dyaD0,Das Seminar der anderen Art,0,0,0,0,0,0,0
2019-07-08,TGHwdp1u_sk,Raum - Zeit - Kontinuum,0,0,0,0,0,0,0
2019-06-27,1r3oHM73L3o,Franz der Gro√üe - Ein Krieg den es nie gegeben hat.,0,0,0,0,0,0,0
2019-06-26,BfvsDd-ia5Q,"Das ist die Gerechtigkeit, Das ist die Wahrhaftigkeit von UBC",0,0,0,0,0,0,0
2019-06-24,o0UWH_uiXQk,Ihre gr√∂sste Hoffnung wird ihre Verdammnis sein,0,0,0,0,0,0,0
2019-06-23,8o5Yji8zXMg,Ewiges Leben : Bestehen in vielen Realit√§ten,0,0,0,0,0,0,0
2019-06-22,GmWIL2fbll8,Mossad sucht Mich,0,0,0,0,0,0,0
2019-06-18,1cN29Vo7DbM,Wenn die Matrix einmal klingelt - Riemenriss und Achsenbruch,0,0,0,0,0,0,0
2019-06-15,19TUApPtUqI,Thomas Veit Fernstudium,0,0,0,0,0,0,0
2019-06-10,TPDRTn-pC58,live vor Ort Das Camp Wissen schl√§gt Unwissen,0,0,0,0,0,0,0
2019-06-06,Arl1_CE_9KU,"Sein Job, Sein Leben - Thomas Veit, hat es nie gegeben",0,0,0,0,0,0,0
2019-06-06,1xP6thtOjfA,Kriegs-Berichts-Erstattung - Sensations-Podcast: abgesagt,0,0,0,0,0,0,0
2019-06-05,TbeF9iHop4Q,Verwahnung aufgehoben - Hassreden am Morgen - Sch√∂ne neue Welt,0,0,0,0,0,0,0
2019-05-30,YWE4KkoHs_k,Radioaktiv : Welcome to the New Age,0,0,0,0,0,0,0
2019-05-28,0MYhoqiy0wY,"Das ist die Matrix, et voila",0,0,0,0,0,0,0
2019-05-28,e7jzn1AS_i8,"Final Destination Volvo Crash, Erkan Edit",0,0,0,0,0,0,0
2019-05-27,Eq1oVgqCZZU,"Dinge, die es nicht geben d√ºrfte - Die Welt des Unerkl√§rlichen",0,0,0,0,0,0,0
2019-05-23,q5lbheUXJuI,Sch√∂pferwissen TV auf Nazi Speed,0,0,0,0,0,0,0
2019-05-19,OjR0x4mXZb4,Bist Du spirituell?,0,0,0,0,0,0,0
2019-05-18,s1by_UVFp5I,Halina Ex-Teilnehmerin Seminar berichtet √ºber erneues Treffen mit Thomas und Julia,0,0,0,0,0,0,0
2019-05-17,7kXP1lX1uzI,Sch√∂pferwissen TV - Sektenprogramm?,0,0,0,0,0,0,0
2019-05-16,bKJcT6zg3wQ,disable workshop KK1,0,0,0,0,0,0,0
2019-05-15,UkqL-HrIO7M,Mit der Bl√∂dheit im Gefecht,0,0,0,0,0,0,0
2019-05-14,YbY7X2Ml75E,Thomas Veit - glaubst Du das?,0,0,0,0,0,0,0
2019-05-14,EZWwj3k7asc,Kennst Du deine Seele?,0,0,0,0,0,0,0
2019-05-13,Zfdgai2NTy0,Die NWO in Dir,0,0,0,0,0,0,0
2019-05-11,UUfeGO2ENfk,Einzelkampf - Geisteskrank in Thailand,0,0,0,0,0,0,0
2019-05-06,T1gZSci6m6k,Sch√∂pferwissen - Ich zeige Dir wie es geht,0,0,0,0,0,0,0
2019-05-05,yntbTIdr9RU,Sananda - Ein Mann geht seinen Weg,0,0,0,0,0,0,0
2019-04-17,cpcSiAm_U8U,Die Welt ist Gehirn gewaschen Fallbeispiel Synthese,0,0,0,0,0,0,0
2019-04-01,fg0DHdNPSC4,Simulation Seele - Das Geheimnis ewiger Jugend,0,0,0,0,0,0,0
2019-03-30,JPSkvqWxC8c,Was Dir niemand erz√§hlt : Die spirituelle NWO,0,0,0,0,0,0,0
2019-03-28,thDoISZCZqs,Das Heilmittel gegen Dummheit,0,0,0,0,0,0,0
2019-03-27,JCyl72s5XWQ,Ich m√∂chte Ehrlichkeit leben.,0,0,0,0,0,0,0
2019-03-25,QdPU8AXwlH4,Thomas F√ºr Julia,0,0,0,0,0,0,0
2019-03-23,XVVhxU7FPHU,Betrug an der Menschheit - Es geht nicht nur um Geld,0,0,0,0,0,0,0
2019-03-23,uzJOUzyPOFc,"Betrug, Korruption, organisierte Kriminalit√§t - Es geht nur um Geld",0,0,0,0,0,0,0
2019-03-16,Hpd6gDaDZD4,vom Unwissen zum Wissen,0,0,0,0,0,0,0
2019-03-11,D6uQM1GDMCU,Wie bekomme ich einen freien Kopf?,0,0,0,0,0,0,0
2019-03-07,dsyzLXVq_9I,Die Frage nach der Unendlichkeit - Thomas adF Veit,0,0,0,0,0,0,0
2019-02-27,c9eKFHwbt3Q,Du hast mir beigebracht zu lieben und nicht zu hassen,0,0,0,0,0,0,0
2019-02-26,7vxhIuNWNoc,H√§tte W√§re Wenn,0,0,0,0,0,0,0
2019-02-22,I0ue_j9KsjU,Jeder Weg beginnt mit einem ersten Schritt,0,0,0,0,0,0,0
2019-02-21,t9lptHTgtCU,Die Tagesthemen,0,0,0,0,0,0,0
2019-02-17,pnvThWITrUY,Der Weg Thomas Veit 08022019,0,0,0,0,0,0,0
2019-02-14,VGq9KqyvM_k,wissen thomas veit podcast 20190205,0,0,0,0,0,0,0
2019-02-13,_8HlZ59MS2k,Projektarbeit Wissen Thomas Veit 20190210,0,0,0,0,0,0,0
2019-02-10,faIlWxFJ1gA,Illusion - Ein Definitionsversuch,0,0,0,0,0,0,0
2019-02-07,cAps2a4pJ6A,wissen thomas veit,0,0,0,0,0,0,0
2019-02-07,Aai8lHaTNyI,Sein Umgang mit den Dingen,0,0,0,0,0,0,0
2019-02-04,Ek48i_Y21NE,Thomas der Ungl√§ubige,0,0,0,0,0,0,0
2019-02-02,Cunpmw50fN8,01-02-2019#20.07.53,0,0,0,0,0,0,0
2019-01-31,TdeTR6wbzYQ,Wir atmen sauren Stoff und nennen es Leben,0,0,0,0,0,0,0
2019-01-31,mb8WSXcD7eY,Die Aufll√∂sung: Herzlich Willkommen in der Matrix,0,0,0,0,0,0,0
2019-01-29,RJfu63gcH5Y,Wie aus G√∂ttern Affen wurden Wie aus Affen G√∂tter werden,0,0,0,0,0,0,0
2019-01-27,Si8nPa9-6R4,welch dummer Zufall: Herzlich willkommen in der Matrix,0,0,0,0,0,0,0
2019-01-27,M9DfJ3UzSRE,Training f√ºr werdende G√∂tter,0,0,0,0,0,0,0
2019-01-27,vQdlbf9sSE4,Das Leben bis dahin,0,0,0,0,0,0,0
2019-01-26,zUdXUoRUlp8,Das Wissen - Die Welt - Die Menschen,0,0,0,0,0,0,0
2019-01-24,KTFVa9LXnoQ,Sag kein Wort - Schweigen ist Gold,0,0,0,0,0,0,0
2019-01-22,vdh8sO3q2MM,In der Zeit der Wahrheit,0,0,0,0,0,0,0
2019-01-21,rwR4R2tEJG8,und damit ist alles gesagt podast 20190105,0,0,0,0,0,0,0
2019-01-21,fyb__EtiCLg,das was wir leben nennen podast 20190105,0,0,0,0,0,0,0
2019-01-08,reZiI0prx8Y,brandaktuell,0,0,0,0,0,0,0
2019-01-05,g4ZGOzdNuVE,Die Bibel - Erkenntnisse im Leben des Menschen,0,0,0,0,0,0,0
2019-01-02,n27V5rR4xpM,Ich wollte hassen ich wollte b√∂se sein ... 31122018,0,0,0,0,0,0,0
2018-12-30,7yIujT8tEkk,Ich wollte hassen ich wollte b√∂se sein ... 27122018,0,0,0,0,0,0,0
2018-12-28,ZWr0Gw4wyLA,Michael Friedrich Vogt Klarstellung zu den GeruÃàchten und Falschmeldungen Quer denken TV,0,0,0,0,0,0,0
2018-12-27,FOHqTldt_6k,Interview mit Grigori Gabevoi Querdenken TV Michael Friedrich Vogt,0,0,0,0,0,0,0
2018-12-25,F6AUGrRFTds,Die Lost Paradise Seminarreihe - Teilnahme,0,0,0,0,0,0,0
2018-12-21,RbL_Q0DgOaQ,Es war einmal ... das Leben,0,0,0,0,0,0,0
2018-12-16,PtJzIQrxdPE,Die Augen - Das Spiegelbild der Seele - Der Beweis,0,0,0,0,0,0,0
2018-12-14,iXiKq03ayLo,Am Ende bleibt das was ist,0,0,0,0,0,0,0
2018-12-04,40Ogsmiy1hY,In Wahrhaftigkeit Leben - Das strukturierte Prinzip der Liebe - Thomas a.d.F. Veit,0,0,0,0,0,0,0
2018-12-04,_vjV_jpeA-c,Dein Weg Dein Wissen Dein Leben,0,0,0,0,0,0,0
2018-11-30,q_l93OyVLCY,Der Weg Das Wissen Das LebenUBCedit - Jupiters Moon,0,0,0,0,0,0,0
2018-11-27,b3SxuR5v0i4,KI Virus - Verlauf t√∂dlich,0,0,0,0,0,0,0
2018-11-27,nA4Dvxx_sDw,Auf dem Weg - Die Stiftung,0,0,0,0,0,0,0
2018-11-24,et1wMV8VEfg,Wer die Wahrheit spricht braucht ein vedammt schnelles Pferd,0,0,0,0,0,0,0
2018-11-18,HrjvyfYZbXM,"Da wo Endlichkeit ist, besteht kein Leben II",0,0,0,0,0,0,0
2018-11-18,kGsE8nr5LRg,"Da wo Endlichkeit ist, besteht kein Leben I",0,0,0,0,0,0,0
2018-11-16,fpTwB9Jv6Nk,"Manipulation Mann Frau: Raus aus dem Leid, Rein in die Wahrhaftigkeit",0,0,0,0,0,0,0
2018-11-04,PQu6KT1jlIM,Mach es Dir selbst - Wer nicht fragt bleibt dumm,0,0,0,0,0,0,0
2018-10-22,AK-TYRy2Bz8,Der Schleier der Illusion  truthseeker,0,0,0,0,0,0,0
2018-10-16,ixKejjOjZu4,Der Weg Das Wissen Das Leben I,0,0,0,0,0,0,0
2018-10-15,KA80ukp2Bwk,Der Weg Das Wissen Das Leben,0,0,0,0,0,0,0
2018-10-11,PifQmkoVPjo,Sch√∂ne neue Welt - Podcast,0,0,0,0,0,0,0
2018-10-11,nM7ELwUh-sw,Denkst Du das ist Luft die Du gerade atmest?,0,0,0,0,0,0,0
2018-10-07,QunvweE56OA,Angstfrei werden oder Sterben gehen,0,0,0,0,0,0,0
2018-09-30,7UFkWf5Oq1g,weltweit gespeert,0,0,0,0,0,0,0
2018-09-24,oUIiIdRpVd8,"Mythen der Endzeit - Quantensprung, Frenquenzanstieg und andere Spirituelle Rafinessen",0,0,0,0,0,0,0
2018-09-24,Eg09YwbqfQA,endgame - Alles oder Nichts,0,0,0,0,0,0,0
2018-09-22,C3rNFixQ9b4,Der Mensch ist Technologie - aufgedeckt Akte Thailand Project,0,0,0,0,0,0,0
2018-09-16,j6YdJnfPJ3k,Geheimes Wissen : Das Denken t√∂tet,0,0,0,0,0,0,0
2018-09-07,1YhFVlXr07k,Wissen ist Liebe und Liebe ist Wissen - Thomas adF Veit,0,0,0,0,0,0,0
2018-08-28,CJeF1-5bxFI,Nichts in dieser Welt ist wie es scheint,0,0,0,0,0,0,0
2018-08-27,nZsaCQZ24gk,Haben wir eine Seele und wo ist diese verankert?,0,0,0,0,0,0,0
2018-08-17,yyklxfUsrmE,Jeder Stillstand schw√§cht euren Willen - Podcast,0,0,0,0,0,0,0
2018-08-13,bLPgeEa2muI,"Lost Paradise - Du siehst nur  das, was Du sehen sollst",0,0,0,0,0,0,0
2018-08-06,EfiTTav1Srs,"Bewusstein,Materie,Blackgoo - Die Entstehungsgeschichte des Menschen",0,0,0,0,0,0,0
2018-07-27,MHjoEhLgQ-Q,Informationskrieg - Krisengebiete - brandaktuell,0,0,0,0,0,0,0
2018-07-26,GLBXXnBpMjo,Bewusst Seins Industrie,0,0,0,0,0,0,0
2018-07-23,rX_htxR7ZzU,Die Versklavung des Menschen,0,0,0,0,0,0,0
2018-07-18,zFawTseLdcI,Planet der Affen - Herzlich Willkommen in der Matrix,0,0,0,0,0,0,0
2018-07-08,hN-KMYK2hvw,Du bist dran,0,0,0,0,0,0,0
2018-07-03,RM9CRqukQZM,Alles was wir sehen haben wir selbst erschaffen,0,0,0,0,0,0,0
2018-06-21,uz47zUimuf4,Eure Kraft ist nur so stark wie eure Illusion die ihr den Menschen suggeriert,0,0,0,0,0,0,0
2018-06-20,kR-jmY4ghLo,Podcast Sch√∂pferwissen TV - Zur√ºck in die Zukunft,0,0,0,0,0,0,0
2018-06-19,gnbgOLRIAqk,Weiter mit den Ereignissen - Entprogrammierung Mensch,0,0,0,0,0,0,0
2018-06-11,G5OSpP1cSko,Der Deutsche Sicherheitsdienst und Thomas Veit,0,0,0,0,0,0,0
2018-06-04,5C37DXty_v8,Ausleiten von Parasiten m√∂glich?,0,0,0,0,0,0,0
2018-05-30,MM_kdAQ5yv0,"Das ist das Wissen -  anschnallen es geht weiter, minder heiter ...",0,0,0,0,0,0,0
2018-05-30,BL2mq5jb1hY,Das Wissen l√§sst sich nicht verkaufen,0,0,0,0,0,0,0
2018-05-29,v_fif1-Ple8,.. vom Glauben und Wissen I,0,0,0,0,0,0,0
2018-05-29,oJbG87Ni43I,.. vom Glauben und Wissen,0,0,0,0,0,0,0
2018-05-28,gAJPVEiqVTo,.. √ºber die Heilung und Befreiung,0,0,0,0,0,0,0
2018-05-28,k9KiFMRKT2U,Niemand kann seine Schritte teilen und sie einem Anderen geben,0,0,0,0,0,0,0
2018-05-28,gGNG3kaazAY,.. √ºber Wahrheit und Wissen,0,0,0,0,0,0,0
2018-05-22,G4I20Pi2l9Y,Informationskrieg?,0,0,0,0,0,0,0
2018-05-21,4UzvShm02mA,Einzigartigkeit Wissen,0,0,0,0,0,0,0
2018-05-17,tpOvEU0gWd4,Eine Erkenntnis - Auszug aus dem 67 teiligen Fernstudium,0,0,0,0,0,0,0
2018-05-15,bwdIes0jAKE,Endzeit Baby,0,0,0,0,0,0,0
2018-05-13,zb1mIviohfU,"Die Entschl√ºsslung der Welt, die Keinem gef√§llt",0,0,0,0,0,0,0
2018-05-08,R0QtIKlJfvM,Das Wissen √ºber die Versklavung des Menschen,0,0,0,0,0,0,0
2018-05-04,pJ_bYyU4qCE,Niemand ist absichtlich b√∂se - Es fehlt nur das falsche Verst√§ndnis der Welt,0,0,0,0,0,0,0
2018-05-02,iPk2GVvfINg,Der Kampf ums Wissen - Was du wissen solltest,0,0,0,0,0,0,0
2018-05-01,VD_9Em89EbY,Rise of the machines - Der Aufstieg der Maschinen?,0,0,0,0,0,0,0
2018-05-01,0vVhrgzKVjs,Was passiert wenn wir schlafen?,0,0,0,0,0,0,0
2018-04-30,-buNcGg6gTo,Podcast Sch√∂pferwissen TV Fernstudium - Thomas adF Veit,0,0,0,0,0,0,0
2018-04-30,euzRs2BXNy4,"Der Wahrheit und Wahrhaftikeit verpflichtet, allen Seins",0,0,0,0,0,0,0
2018-04-30,YrcYy_Bl5yc,"Neue Wissenschaft - Black Goo, Seele, Geist, Bewusstsein",0,0,0,0,0,0,0
2018-04-29,_eGbbGqw8M4,"Die Sprache des Menschen: Warum verstehst du mich, oder eben nicht?",0,0,0,0,0,0,0
2018-04-29,6RiJZBg5W_0,Ende der Programmierung - Das Wissen √ºber Sex,0,0,0,0,0,0,0
2018-04-28,qpwVvmF7t5M,Die neue Wissenschaft - Musikindustrie,0,0,0,0,0,0,0
2018-04-28,zz6V1zCYcCg,Das Wissen - Die Wahrheit uÃàber Kriege,0,0,0,0,0,0,0
2018-04-28,MpCFKcdYxv8,Ende der Programmierung - Der Weg zum Wissen,0,0,0,0,0,0,0
2018-04-28,TirKHHagmec,Die Neue Wissenschaft,0,0,0,0,0,0,0
2018-04-27,PV0SyMWzfz0,Sch√∂pferwissen TV - Feldforschung - Neue Wissenschaft,0,0,0,0,0,0,0
2018-04-27,bKzKUDrgRQo,The truth should stay hidden -  Die Wahrheit soll verborgen bleiben,0,0,0,0,0,0,0
2018-04-26,IyDjOWDLjuI,Sch√∂pferwissen TV goes Chiang Mai,0,0,0,0,0,0,0
2018-04-25,vk4zRT9B-Ko,Vom Umgang mit Informationen - Ein Einblick,0,0,0,0,0,0,0
2018-04-24,Y9Mm5ki9JrA,√úber K√∂nige und das Vergessen des Menschen,0,0,0,0,0,0,0
2018-04-23,CwA8aou2eGA,Thomas Fight f√ºr Gerechtigkeit | Teil 2,0,0,0,0,0,0,0
2018-04-23,KSFqKVXAJTc,Thomas Fight f√ºr Gerechtigkeit - Teil 1,0,0,0,0,0,0,0
2018-04-23,zL0eahyttOA,Eilmeldung! Diese Welt ist eine L√ºge,0,0,0,0,0,0,0
2018-04-22,ibV2LeukU_8,Sch√∂pferwissen TV Fernstudium -  Umgang mit Informationen,0,0,0,0,0,0,0
2018-04-22,H9sLUuu3lRk,Deutschland den Deutschen?,0,0,0,0,0,0,0
2018-04-22,emS6kFuBVjk,Sch√∂pferwissen TV Fernstudium  Chaostage YouTube,0,0,0,0,0,0,0
2018-04-18,7tHeX-RJAZM,Die Welt - Das Gesetz der Wechselbeziehung,0,0,0,0,0,0,0
2018-04-17,8jWE4cVOodw,verstehst du den unterschied zwischen wissen und unwissen youtube,0,0,0,0,0,0,0
2018-04-17,CWf8AfNucZs,"Mut, Wille, Entscheidungskraft,  entdecke deine Macht",0,0,0,0,0,0,0
2018-04-16,sRvqrKEZsBQ,Businessplan  Nazi Thomas Veit,0,0,0,0,0,0,0
2018-04-15,T4f8sBfDs64,Wenn ich keine gedanken h√§tte...,0,0,0,0,0,0,0
2018-04-15,W44cz9rTdH0,Mensch ist nicht gleich Person,0,0,0,0,0,0,0
2018-04-15,Qzv1Xn2z8rU,Entprogrammierung Mensch - Wie aus Affen G√∂tter werden,0,0,0,0,0,0,0
2018-04-14,ZF3b8Lqb2iM,Die Gefahr Sch√∂pferwissen Thomas Veit alias Anunnaki Teil 3,0,0,0,0,0,0,0
2018-04-14,Wsi8NAanwH8,Die Gefahr Sch√∂pferwissen Thomas Veit alias Annunaki Teil 2,0,0,0,0,0,0,0
2018-04-14,VZsRQt23TlE,Die Gefahr Sch√∂pferwissen Thomas Veit alias Annunaki Teil 1,0,0,0,0,0,0,0
2018-04-13,8FRhgVZWRsY,Nachforschungen Deutscher Justizbeh√∂rden,0,0,0,0,0,0,0
2018-04-10,RDkNPl_9CEY,Die Seele ist Technologie,0,0,0,0,0,0,0
2018-04-10,gbYqxT63hds,Die tats√§chliche Macht des Geistes,0,0,0,0,0,0,0
2018-04-09,dA2qdjCmOL0,Lost Paradise Wie aus G√∂ttern Affen wurden,0,0,0,0,0,0,0
2018-04-09,w5idbT19OiQ,Was ist der Sinn des Lebens?,0,0,0,0,0,0,0
2018-04-07,yToVJBs6kww,"Es geht um alles, auch um dich! YouTube",0,0,0,0,0,0,0
2018-04-06,mio_W6-i8pk,Wissen der Matrix vs Das Wissen,0,0,0,0,0,0,0
2018-04-06,FEW-rnKiGsw,Transhumanismus - Was bedeutet es wirklich?,0,0,0,0,0,0,0
2018-04-06,diyv3mNqVkY,Warum Du unwissendlich ein Sklave  bist - Das Schulsystem,0,0,0,0,0,0,0
2018-04-05,3daHeP8INHU,Michael Vogt Querdenken TV,0,0,0,0,0,0,0
2018-04-04,oChUwH4mda8,Seelenpartner und Dualseele - So findest du sie,0,0,0,0,0,0,0
2018-04-02,Tdp0CWzrRXQ,Angriffe der Matrix sobald du den Weg zum Wissen w√§hlst,0,0,0,0,0,0,0
2018-04-02,3hThTejvPrs,Transhumanismus was ist denn das?,0,0,0,0,0,0,0
2018-04-02,0mTMuGp7J9g,Podcast schoepferwissenTV - Die Entwaffnung des Menschen,0,0,0,0,0,0,0
2018-04-02,rPD1YLKWsZs,Spirituelle Fehlleitungen warum?,0,0,0,0,0,0,0
2018-04-02,UoXCCAgZRqM,Frisch ver liebt?,0,0,0,0,0,0,0
2018-04-01,IkRgfwWCWls,Wissen was geht: Urlaubszeit,0,0,0,0,0,0,0
2018-04-01,u3jG9Z-pAis,Fehlanzeige Spiritualit√§t,0,0,0,0,0,0,0
2018-04-01,JSp86qDlr_g,Nicht von dieser Welt - Entprogrammierung Mensch,0,0,0,0,0,0,0
2018-03-31,vPN7-J1fSH4,Der Weg im abendlichen Gespr√§ch,0,0,0,0,0,0,0
2018-03-31,HJrMXMXcvZU,Wir haben unser Wissen abgegeben - Geistheiler Sananda TV,0,0,0,0,0,0,0
2018-03-31,d_KJcm8e9uM,Was ist der Sinn des Spiels indem wir uns alle befinden?,0,0,0,0,0,0,0
2018-03-31,b2H126GtF8A,.. weil sich der Mensch sonst unwissendlich selbst abschafft,0,0,0,0,0,0,0
2018-03-30,1iKaFckyjZY,Sch√∂pferwissen TV Fernstudium,0,0,0,0,0,0,0
2018-03-30,zcZX4BplsSs,Die unglaubliche Wahrheit √ºber Indigo Menschen realoaded,0,0,0,0,0,0,0
2018-03-29,rVFo1HeqV5A,Warum haben manche Menschen so ein schweres Leben? - Sanada Teil 1,0,0,0,0,0,0,0
2018-03-29,b-4oH-niAk4,Wissen ist Macht,0,0,0,0,0,0,0
2018-03-28,PIFI0o2RGu0,√Ñngste und Blockaden aufl√∂sen - Eigentlich ganz einfach,0,0,0,0,0,0,0
2018-03-28,nu7e1HzE-rg,Willst du Wissen was die Matrix ist?,0,0,0,0,0,0,0
2018-03-26,wzDerjxy7p0,Die Akasha Chronik - Was steckt dahinter?,0,0,0,0,0,0,0
2018-03-24,JrOBoufafdg,Ohne Kompromisse - Den Weg der Wahrheit gehen,0,0,0,0,0,0,0
2018-03-23,RyxbkncD7eA,Grenzenlosigkeit erfahren,0,0,0,0,0,0,0
2018-03-22,K6khfMGmi5w,Sch√∂pferwissen TV - News,0,0,0,0,0,0,0
2018-03-21,YdakF9eEfcA,Eilt! Exit aus der Matrix,0,0,0,0,0,0,0
2018-03-20,HsBTUFOP8ww,Das Camp - Die Aktion Rettung Mensch,0,0,0,0,0,0,0
2018-03-18,aTAslIrbM4k,Das h√§rteste Bootcamp der Welt,0,0,0,0,0,0,0
2018-03-16,OOe33uTdVt8,Welchen Wert hat das Wissen?,0,0,0,0,0,0,0
2018-03-16,sdmfl5vvPio,"Das unm√∂gliche, m√∂glich machen",0,0,0,0,0,0,0
2018-03-14,Hmsggqa1fLk,Worte an die Menschen die mit ihm sind,0,0,0,0,0,0,0
2018-03-14,tkqeupZFyYU,"Worte an die Menschen, Thomas adF Veit",0,0,0,0,0,0,0
2018-03-12,fbxJKXcumsc,"Wer bin Ich nicht, wer bist Du nicht, das was Wir nicht sind",0,0,0,0,0,0,0
2018-03-11,zI3QANvbxkY,"Wer bist Du, Wer bin Ich und wer sind Wir?",0,0,0,0,0,0,0
2018-03-09,irXOzrs2JNE,Hast du Angst vorm Schwarzen Mann?,0,0,0,0,0,0,0
2018-03-06,PCHp4S9vO40,Aktion Mensch,0,0,0,0,0,0,0
2018-03-01,EXTFbjueEMg,Weiterf√ºhrendes Fernstudium: Wie aus Affen G√∂tter werden,0,0,0,0,0,0,0
2018-02-28,ZVSshuW23S4,aufdemwegzumschoepferwissen reloded,0,0,0,0,0,0,0
2018-02-26,X_GHVBbNlDs,"Na, nachgedacht?",0,0,0,0,0,0,0
2018-02-21,wL7F3jPzUHM,Die √úbernahme des menschlichen K√∂rpers - Dokumentation,0,0,0,0,0,0,0
2018-02-21,iOJzl5HTNdE,"Die Jagdt  der D√§monen, die sich den Menschen holen",0,0,0,0,0,0,0
2018-02-21,EPWujpDtNR8,Der Mensch: Sein oder nicht Sein,0,0,0,0,0,0,0
2018-02-21,WGnZtLBtMh8,Der Weg zum freien WIllen,0,0,0,0,0,0,0
2018-02-19,0qmKUXClRHU,Das hat die Welt noch nicht gesehen - Technologie Mensch,0,0,0,0,0,0,0
2018-02-19,V1lO2bYJTT0,Krankheit als Symbol der Seele,0,0,0,0,0,0,0
2018-02-16,kS1xUnxBA5Q,Der Seelenplan - Gl√ºck und Ungl√ºck sind kein Zufall!,0,0,0,0,0,0,0
2018-02-14,mUQylPLAx98,"Spiritualit√§t, Abwarten und Tee trinken",0,0,0,0,0,0,0
2018-02-14,Xz2abxSac8s,Leben wir in einer Matrix?,0,0,0,0,0,0,0
2018-02-11,Anh5i0l-HxU,Nicht von dieser Welt - Das Wissen,0,0,0,0,0,0,0
2018-02-10,zI7gbj_CEvY,Enth√ºllungen der Endzeit VI,0,0,0,0,0,0,0
2018-02-09,8i6l1ozqxHM,Enth√ºllungen der Endzeit V,0,0,0,0,0,0,0
2018-02-08,kkL7JVAHlV4,Enth√ºllungen der Endzeit IV,0,0,0,0,0,0,0
2018-02-08,MGNansBp2bk,Enth√ºllungen der Endzeit III,0,0,0,0,0,0,0
2018-02-08,CUectqiE1W0,Enth√ºllungen der Endzeit II,0,0,0,0,0,0,0
2018-02-08,1ezGG11E0tQ,Enth√ºllungen der Endzeit I,0,0,0,0,0,0,0
2018-02-07,8ZEmXBl5nSU,"Die Wunderb√ºcher, die das Wissen zu den Menschen tragen",0,0,0,0,0,0,0
2018-02-06,hkIoxPOnS_Y,Wissen hautnah erleben,0,0,0,0,0,0,0
2018-02-04,OaihDHqT6iI,NIE WIEDER ANGST - Die unglaubliche Kraft der Hypnose,0,0,0,0,0,0,0
2018-02-04,MVJM66ZID90,Gor Timofey Rassadin: Neugeburt der Erde und der Menschheit,0,0,0,0,0,0,0
2018-02-04,6UzIOlBVdSA,wissenhautnah ein einblicke youtube,0,0,0,0,0,0,0
2018-01-31,DcCaap9ghBg,"Geistige F√§higkeiten, Willenskraft",0,0,0,0,0,0,0
2018-01-29,Awt6oKoaNOk,Verbotenes Wissen: Seelen-Kreislauf - das Leben und Sterben,0,0,0,0,0,0,0
2018-01-29,30AI6MKoafQ,Die verarschen Euch - Wahrheit bedeutet einen Weg zu gehen,0,0,0,0,0,0,0
2018-01-28,8zD1V1Cnmow,"Widmung Mensch, Grigori Grabevoi",0,0,0,0,0,0,0
2018-01-28,5jn-yI1AEBY,Dringender Aufruf an die Menschheit - Sananda,0,0,0,0,0,0,0
2018-01-26,pPTs8fKV9ys,Die verarschen Euch,0,0,0,0,0,0,0
2018-01-25,L4m5TnjxCws,Um den Tod zu √ºberwinden bedarf es keiner √úberlegung,0,0,0,0,0,0,0
2018-01-24,LT2bDeMLhbI,Kannst du dich und deine L√ºgen sehen?,0,0,0,0,0,0,0
2018-01-24,NA8NsUMojO8,Die Macht des Unterbewusstseins,0,0,0,0,0,0,0
2018-01-24,rfArueectrI,Die Welt im Wissen,0,0,0,0,0,0,0
2018-01-22,URK6QUN5YSY,D√§monen die dem Menschen inne wohnen,0,0,0,0,0,0,0
2018-01-19,a9Q-G7fG4YA,"Geheimwissen: Dunkle Materie, verR√ºckte Wahrheit und das √úberleben in der Neuen Zeit",0,0,0,0,0,0,0
2018-01-17,w3kyEPFoKfc,Ist Dir noch zu helfen?,0,0,0,0,0,0,0
2018-01-17,zCdDaUdXfTQ,"Du musst wissen was es bedeutet ein Mensch, Sch√∂pfer deiner Realit√§t zu sein",0,0,0,0,0,0,0
2018-01-14,X8z6xcNC0t0,Der Ursprung der Menschheit,0,0,0,0,0,0,0
2018-01-13,o-Dkp4bTPIU,Seelenheil - Auszug aus dem Wissen,0,0,0,0,0,0,0
2018-01-10,y5_NOmS5pcs,Finde die Wahrheit solange du noch kannst,0,0,0,0,0,0,0
2018-01-07,hOPdFyeQ2bI,"Alles oder nichts, ein n√§chstes Mal gibt es nicht",0,0,0,0,0,0,0
2018-01-06,WZWQyFs4jO0,"Keine Angst, denn nur die Wahrheit hat Bestand",0,0,0,0,0,0,0
2018-01-06,dj7CDrKn7Hc,UBC lets go,0,0,0,0,0,0,0
2018-01-03,Wh94VknI3P8,"Die Seele, Lebendige Materie,dein K√∂rper",0,0,0,0,0,0,0
2018-01-03,aSUy5wY75Jg,Achtung: D√§monen unter uns,0,0,0,0,0,0,0
2018-01-03,pdH_QQXpAzM,Der Architekt der Matrix,0,0,0,0,0,0,0
2018-01-03,z2j-lFsWmzo,Gespr√§che √ºber das Wissen,0,0,0,0,0,0,0
2018-01-01,pJzQHL6Xve8,Ein zig art ig na mens los,0,0,0,0,0,0,0
2017-12-28,rG7ub_DT9ss,Matrixprogramme - Wie aus Affen wieder G√∂tter werden,0,0,0,0,0,0,0
2017-12-25,6ygHYwZtFyo,Wer ist der Sch√∂pfergott?,0,0,0,0,0,0,0
2017-12-25,rnhfdpZlk2w,Warum all die H√∂flichkeiten?,0,0,0,0,0,0,0
2017-12-25,JGJ_oik2rdI,Der Mensch der zum Wissen will: Das strukturierte Prinzip der Liebe,0,0,0,0,0,0,0
2017-12-22,ZSivvCdZN4g,Die wahren Pl√§ne der NWO,0,0,0,0,0,0,0
2017-12-22,Ww_rRlvppos,Blut und Blutgruppen,0,0,0,0,0,0,0
2017-12-22,NYLi96aS7tQ,Das Magnetfeld der Erde und des Menschen,0,0,0,0,0,0,0
2017-12-21,duTU9BrbvQk,Die neusten Erkenntnisse √ºber die Seele,0,0,0,0,0,0,0
2017-12-21,CwTp3Rs8ddI,Die wahren Pl√§ne der NWO die keiner kennt,0,0,0,0,0,0,0
2017-12-17,hB1VeFLNWUA,Anunnaki - Gibt es sie wirklich?,0,0,0,0,0,0,0
2017-12-17,FOXpR4SYWzc,Annunaki - Blut - Sch√∂pfergott,0,0,0,0,0,0,0
2017-12-17,dMVAg2oK6z4,Der Beweis: Thomas aus der Familie Veit,0,0,0,0,0,0,0
2017-12-17,5dAdQNvxVQc,Technologie im Menschen - Heilige Geometrie,0,0,0,0,0,0,0
2017-12-17,tS6JbdWh_L4,Zum Ende der Zeit ein Beitrag √ºber die Gefangenschaft der Menschheit,0,0,0,0,0,0,0
2017-12-16,z0Mbzi6aj5w,Diese Informationen sind nicht von dieser Welt ..,0,0,0,0,0,0,0
2017-12-15,TbA1A5CRUoA,Der Mensch ist heute Technologie,0,0,0,0,0,0,0
2017-12-14,FJfq0XjOBCQ,Anunnaki - Die Versklavung der Menschheit,0,0,0,0,0,0,0
2017-12-14,SUgHDyU0TpQ,Anunnaki Teil 1 - Wie aus G√∂ttern Affen wurden,0,0,0,0,0,0,0
2017-12-12,y09HBX5BI2w,Keine Kraft mehr ?,0,0,0,0,0,0,0
2017-12-11,lIOV5rSjQnY,Nichts ist f√ºr die Ewigkeit,0,0,0,0,0,0,0
2017-12-09,UHx_h1g6E5g,Die Neue Zeit,0,0,0,0,0,0,0
2017-12-08,Tu2iZgRO_J4,Rettung - Frequenzwechsel - Die Welt im Wandel,0,0,0,0,0,0,0
2017-12-07,wSv4ZBjkyNc,Compact gesteuert,0,0,0,0,0,0,0
2017-12-02,GVdODJMYVqg,"Neuste Erkenntnisse √ºber die Lebendige Materie, Black Goo, Transhumanismus",0,0,0,0,0,0,0
2017-12-01,zpD7UgLc8z0,Was bestimmt die Zukunft der Menschheit?,0,0,0,0,0,0,0
2017-11-30,R-Bk9ONu0yI,Transhumanuismus und Implantate,0,0,0,0,0,0,0
2017-11-30,GxpXFXy6Kus,Biowaffen,0,0,0,0,0,0,0
2017-11-30,OC0cou9xjdQ,Transhumanuismus - Eigene Erfahrungen und Erkenntnisse,0,0,0,0,0,0,0
2017-11-29,FM1MIzydPbs,Alles begann mit dem gesprochenen Wort,0,0,0,0,0,0,0
2017-11-26,e4xfT8KoIFI,Die Wahrheit die niemand sehen will,0,0,0,0,0,0,0
2017-11-26,zRUzZIPWepo,Wer sind wir und was unser Anliegen  - Wie aus G√∂ttern Affen wurden,0,0,0,0,0,0,0
2017-11-26,zHvQsSYUYFc,Weiter auf dem Weg ins Wissen,0,0,0,0,0,0,0
2017-11-11,tbuZY2Qb_-4,Zu nah an der Wahrheit,0,0,0,0,0,0,0
2017-11-07,mk0T0j2FS38,Nur die Wahrheit - Frei Sein,0,0,0,0,0,0,0
2017-11-04,H51f9aBHGNQ,Transhumanismus Ray Kurzweil SchoÃàne neue Welt,0,0,0,0,0,0,0
2017-11-03,UmSmz0Y4xwE,Du wirst gerade umgebaut,0,0,0,0,0,0,0
2017-11-02,hExT6eqVAxo,In der Matrix: Hingabe ist Aufgabe,0,0,0,0,0,0,0
2017-11-01,9qVJTfbLbcU,Dieser Vortrag kann dein Leben ver√§ndern,0,0,0,0,0,0,0
2017-10-30,d5d6By6AOec,GefaÃàhrliches Wissen Thomas Veit,0,0,0,0,0,0,0
2017-10-30,3xbXBVm8shA,Bewusstsein & Selbstkontrolle: Wie du dein Potenzial entwickeln kannst,0,0,0,0,0,0,0
2017-10-28,Xq-Fryha82U,"Die Wahrheit tut weh, aber die L√ºge bringt uns um",0,0,0,0,0,0,0
2017-10-27,MgKUfIygg-4,"Ende gut, Alles gut",0,0,0,0,0,0,0
2017-10-26,gqSQRVLw1bU,Die EntschluÃàsslung der Welt,0,0,0,0,0,0,0
2017-10-25,kHsBIVatU-4,Was ist Angst?,0,0,0,0,0,0,0
2017-10-24,jCMK6CgMVVk,Der Weg ist das Ziel,0,0,0,0,0,0,0
2017-10-24,JLLciHDhui4,Die Liebe,0,0,0,0,0,0,0
2017-10-20,xsCyliPRVkg,Wie sieht das Wissen aus?  Teil 2,0,0,0,0,0,0,0
2017-10-19,XPAlHkJhZdk,Neugeburt der Erde - Wie Machen wir die Menschen fit fuÃàr den Umbruch,0,0,0,0,0,0,0
2017-10-18,dgy2Z_8IcRA,Endzeit - GOR Rassadin  -  Herbst 2017 Kosmische Portale,0,0,0,0,0,0,0
2017-10-17,jx7PuTrmPKg,Diese Erkenntnis veraÃàndert Dein Leben,0,0,0,0,0,0,0
2017-10-15,HLFvwCGEAjI,Was hast du Arschloch schon jemals riskiert,0,0,0,0,0,0,0
2017-10-15,SXVjoWeKkck,Wie sieht das Wissen aus?,0,0,0,0,0,0,0
2017-10-15,C5UM8iZRB9U,KlaÃànge der Endzeit - Technologische Revolution,0,0,0,0,0,0,0
2017-10-14,k6Vl9bsxzrg,Meditation und Co.,0,0,0,0,0,0,0
2017-10-08,UmR2FzvUnTI,Area 51,0,0,0,0,0,0,0
2017-10-08,1gH7k0ntTtU,No Name  Thomas,0,0,0,0,0,0,0
2017-10-03,OkO8lvLIErA,Ewiges Leben oder Ewige H√∂lle?,0,0,0,0,0,0,0
2017-10-03,1B0o8Ld08RM,Thomas pr√§sentiert Internationales V√∂lkerrecht,0,0,0,0,0,0,0
2017-10-01,SDJsAN6Iu2U,Was ist die Seele?,0,0,0,0,0,0,0
2017-09-26,_whqZ63BYhk,Ausleiten von Parasiten und dem SchmerzkoÃàrper,0,0,0,0,0,0,0
2017-09-25,_WG9B0NIKbw,Umgang mit Informationen - Dein Wegweiser in der Matrix,0,0,0,0,0,0,0
2017-09-23,v_slIqO1gGg,Wahrheit und Wissen,0,0,0,0,0,0,0
2017-09-21,XJwdMxST_NM,Intention - A powerful tool of creation,0,0,0,0,0,0,0
2017-09-20,Pbpo9U4Rjoc,Endzeit -  Der Widerstand w√§chst,0,0,0,0,0,0,0
2017-09-20,6i0dLlg2nR4,Du willst die Wahrheit,0,0,0,0,0,0,0
2017-09-16,FXO9URMSBr4,Endzeit - Bis zur Befreiung ist es nochmal so weit,0,0,0,0,0,0,0
2017-09-12,Bc-8YykmWFo,Gelernte Amnesie - Themen der Endzeit,0,0,0,0,0,0,0
2017-09-12,3TCzHLy2_BM,Spiritualit√§t - Die wahre New World Order,0,0,0,0,0,0,0
2017-09-11,KMqldMevtdU,Der Kampf ums Wissen,0,0,0,0,0,0,0
2017-09-11,fEc6fqvshTI,Schau hin: Die Wahrheit wird Dir die Heilungen bringen,0,0,0,0,0,0,0
2017-09-10,N5RcmuIIaF8,Das Licht dieser Welt,0,0,0,0,0,0,0
2017-09-07,R5nxm1ngrRI,Der Grosse Erich van DaÃàniken in Kombination mit Tom Who Knows,0,0,0,0,0,0,0
2017-09-07,QTIkWbFp7Ww,"Eine schoÃàne Unternehmung - una compania hermosa, preciosa, apuesta",0,0,0,0,0,0,0
2017-09-04,jeScv6B-Ui0,Die Offenbarung √ºber Thomas und was dir niemand √ºber ihn sagt,0,0,0,0,0,0,0
2017-09-03,pYJQRnqhMw4,"Triologie KI, Dritter Teil - Ein Blick auf die Welt",0,0,0,0,0,0,0
2017-09-03,dEuBJCDCuls,"Triologie KI, Zweiter Teil",0,0,0,0,0,0,0
2017-09-03,4ubcaDy5bAA,"Triologie KI, Erster Teil",0,0,0,0,0,0,0
2017-09-01,5xyZx9pTFro,KI -  Wie aus G√∂ttern Affen wurden,0,0,0,0,0,0,0
2017-08-31,XkcJTfEZ130,Liebe ist ...,0,0,0,0,0,0,0
2017-08-28,35l3YN44My8,Sananda hats erkannt das Strukturierte Prinzip der Liebe,0,0,0,0,0,0,0
2017-08-28,UQLQX32N8zE,"Endzeit! Heiko, Marc, Thomas, Julian, Eltern",0,0,0,0,0,0,0
2017-08-27,3XZhCwz4ghY,"Keine Wertsch√§tzung, keine Entwicklung nur Zerst√∂rung",0,0,0,0,0,0,0
2017-08-27,kn_bvQQvI6c,"Fernstudium Manipulationsmethoden, die L√ºgen der Spiritualit√§t und der Aufkl√§rerbereich",0,0,0,0,0,0,0
2017-08-26,Q6R10qjLnvI,In den Tagen der Endzeit: Trefft eine Entscheidung in Wahrhaftigkeit,0,0,0,0,0,0,0
2017-08-26,HN-1AhaX1Ag,Sch√∂pferwissen TV   - Es geht um deine Rettung,0,0,0,0,0,0,0
2017-08-25,RdUVF5NJWEM,und er verschwand so wie er gekommen war,0,0,0,0,0,0,0
2017-08-24,Hjq3znhh1Mg,Liebe in der Matrix auch daÃàmonisch,0,0,0,0,0,0,0
2017-08-24,_umOtRQaHUQ,Klappe zu -  Affe tot -  Menschheit gescheitert   Teil 2,0,0,0,0,0,0,0
2017-08-24,Cr2vf2VNENY,Klappe zu -  Affe tot -  Menschheit gescheitert,0,0,0,0,0,0,0
2017-08-24,ph4s7b0iZ-8,Herzlichen Dank Grigori Grabovoi,0,0,0,0,0,0,0
2017-08-24,0SvJQWoEI0A,Live Schaltung Serbien;  Gro√ües Dankesch√∂n von Grigori P  Grabovoi,0,0,0,0,0,0,0
2017-08-24,egs9PlfhHjA,Die 3 Tage Finsternis und die neuesten unglaublichen Erkenntnisse dazu,0,0,0,0,0,0,0
2017-08-24,dZHWgqDut00,Grigori Grabovoi LIVE WEBINAR!! fuÃàr alle Menschen kostenfrei,0,0,0,0,0,0,0
2017-08-24,TGyj8D-nl2E,Herzlich Willkommen im Paradies,0,0,0,0,0,0,0
2017-08-24,aWWfR30BEl4,Gor Timofey Rassadin:   Neugeburt der Erde und der Menschheit,0,0,0,0,0,0,0
2017-08-23,yifVZLJ6kIk,K√ºnstliche Intelligenz vs. Wissen,0,0,0,0,0,0,0
2017-08-23,HaaQgzV3nFo,Realit√§ten,0,0,0,0,0,0,0
2017-08-22,1aSDax2Ahkc,Robotisierte Menschheit  - Die Welt der Programme,0,0,0,0,0,0,0
2017-08-22,6wwHcpTW7GA,Der Kampf gegen die Macht der Matrix,0,0,0,0,0,0,0
2017-08-22,3ku11XibiU8,Polsprung es ist soweit  mach dich bereit,0,0,0,0,0,0,0
2017-08-22,GdqwJCWzhvM,Wenn du wirklich willst gehst du den weglosen Weg,0,0,0,0,0,0,0
2017-08-21,g7V02DrhzHE,Nie wieder Julia,0,0,0,0,0,0,0
2017-08-20,4GrVDhqpBxg,Aus den tiefen des Kanninchenbaus: Der Mensch ist das Produkt der Matrix,0,0,0,0,0,0,0
2017-08-20,4Wwn8lHPOIs,Was bringt die neue Zeit?,0,0,0,0,0,0,0
2017-08-20,z3fEjh-AAQg,Verstandesparasiten gibt es  nicht,0,0,0,0,0,0,0
2017-08-20,Z8MqhN4gxPs,Transhumanuismus ab sofort √ºberall kostenfrei erh√§ltlich,0,0,0,0,0,0,0
2017-08-20,LdHogatxsnU,Sananda erl√∂se uns von dem B√∂sen,0,0,0,0,0,0,0
2017-08-20,q5ci0Y22ofI,Realitatstgestaltung wie sie richtig funktioniert,0,0,0,0,0,0,0
2017-08-20,VoEp8QylP_E,Prophezeiungen Alois Irlmaier und Van Rensburg,0,0,0,0,0,0,0
2017-08-20,8_PyzDprWHk,KI und was es damit auf sich hat,0,0,0,0,0,0,0
2017-08-20,7L9ufwANqUQ,Finde deinen Seelenpartner,0,0,0,0,0,0,0
2017-08-20,x4LJ8yAoqsg,Dimensionsubergang macht euch bereit,0,0,0,0,0,0,0
2017-08-20,AM1fKyfPjUY,Die Wiedergeburt der Erde,0,0,0,0,0,0,0
2017-08-20,KscqBsAkZjA,Erdgebundene Seelen,0,0,0,0,0,0,0
2017-08-20,nc5FSlWdOMg,Der Mond Projektion des Todes,0,0,0,0,0,0,0
2017-08-20,lDwQ6wgCxdA,Compact gesteuert,0,0,0,0,0,0,0
2017-08-20,sVi_scXGyTE,Das strukturierte Prinzip der Liebe,0,0,0,0,0,0,0
2017-08-20,OzjY64pqQ_M,Die Mission des Menschensohns,0,0,0,0,0,0,0
2017-08-20,a3TlmI0pcCg,Endzeit TV mit den neusten Meldungen aus der Irrenanstalt Welt - Zweite Folge,0,0,0,0,0,0,0
2017-08-20,6X840UWdEAg,Endzeit TV mit den neusten Meldungen aus der Irrenanstalt Welt - Erste Folge,0,0,0,0,0,0,0
2017-08-18,l1QFdBcW3ZE,Der Erkenntnisweg; Fernstudium Im Sch√∂pferwissen: Der Weg direkt am Abgrund,0,0,0,0,0,0,0
2017-08-18,OOJEFbc6gYs,Der Weg in das Strukturierte Prinzip der Liebe,0,0,0,0,0,0,0
2017-08-18,6Riz7p2IwWU,Podcast Thomas: Die Realit√§t die uns umgibt,0,0,0,0,0,0,0
2017-08-16,ufY5MbhcuRY,Mutter Vater Kind Erkenne das Programm und rette Dich solange Du noch kannst,0,0,0,0,0,0,0
2017-08-16,wnN7sWdIoSk,Die Wahrheit wird unsere Rettung sein,0,0,0,0,0,0,0
2017-08-16,lYlGnxXFtA8,Bist du ein Indigo?,0,0,0,0,0,0,0
2017-08-16,xj9ZGoXmA6k,Nichts ist wie es scheint:   Mythos und Wahrheit Grigori Grabovoi,0,0,0,0,0,0,0
2017-08-16,Mi5mBArlSZY,Ewiges Leben auf Grundlage von Technologie,0,0,0,0,0,0,0
2017-08-15,3nEVDLUNBKs,Aufkl√§rung und die L√ºge der Spiritualit√§t,0,0,0,0,0,0,0
2017-08-15,k5MzsaCeg40,Ich fordere das Ende des Krieges,0,0,0,0,0,0,0
2017-08-14,pnHCAAjj4ec,Botschaft an die Menschheit,0,0,0,0,0,0,0
2017-08-10,C9QgEZ07El0,Meldung zur aktuellen Situation Sch√∂pferwissen TV,0,0,0,0,0,0,0
2017-08-10,_UalKw0PACM,Der Gott in der Maschine,0,0,0,0,0,0,0
2017-08-06,zw0P27Nm84U,Das Biest in Dir -  Wie aus GoÃàttern Affen wurden,0,0,0,0,0,0,0
2017-08-06,qn8sPifoI_8,"Heiler, GeisterjaÃàger und Indigo Teil 2  - Wie aus GoÃàttern Affen wurden",0,0,0,0,0,0,0
2017-08-06,r8WTYY2Z37s,"Heiler, GeisterjaÃàger und Indigo Teil 1 -  Wie aus GoÃàttern Affen werden",0,0,0,0,0,0,0
2017-08-06,D-7KBZs0SKw,Die PlaÃàne der NWO -  Eine Erde ohne Menschen,0,0,0,0,0,0,0
2017-08-06,p8XhGR1wnMU,Die unglaubliche Wahrheit uÃàber Indigo Menschen Teil 2,0,0,0,0,0,0,0
2017-08-06,hvaqB96R2Zc,Bioroboter bereits unbemerkt unter uns  -  Wie aus GoÃàttern Affen wurden,0,0,0,0,0,0,0
2017-08-06,YMR2fqvwxlo,Geistheiler Sananda  Indigos & Reptiloiden in Menschengestalt,0,0,0,0,0,0,0
2017-08-06,zRXcsPacj0k,RealitaÃàtsgestaltung  -  Der Mensch auf SchoÃàpferebene,0,0,0,0,0,0,0
2017-08-06,IP8DBFAmQuc,Geistheiler Sananda -  Ein Diener Satans und der Anunnaki,0,0,0,0,0,0,0
2017-08-06,oYgt4EGDOIs,Spirituelle Fehlleitungen -  Podcast Thomas,0,0,0,0,0,0,0
2017-08-06,KLamgLcMa5E,Auf der Suche nach der Wahrheit  -  Statement Julia,0,0,0,0,0,0,0
2017-08-06,wDBv5ybdVLk,Die unglaubliche Wahrheit uÃàber Indigo Menschen Teil1,0,0,0,0,0,0,0
2017-08-06,uKgKgy5FSV8,Die Welt mit den Augen eines Indigos Teil 2 - Wie aus G√∂ttern Affen wurden,0,0,0,0,0,0,0
2017-08-06,xoqwXN3BRBk,Auf dem Weg zum SchoÃàpferwissen Teil 4,0,0,0,0,0,0,0
2017-08-04,6SaqB8RMFhk,Sananada ist zuruÃàck welch ein GluÃàck fuÃàr die Wiesen,0,0,0,0,0,0,0
2017-08-04,0nheHUWoeYE,Wir geben Dich nicht auf!,0,0,0,0,0,0,0
2017-08-02,CSEaAP65ghw,Thomas Veit: Die Suche nach der Wahrheit oder auch Der Weg der Selbsterkenntnis,0,0,0,0,0,0,0
2017-08-01,a29rAtDQu6k,Die Illusion und L√ºge wie man ein gl√ºcklicher Mensch wird,0,0,0,0,0,0,0
2017-08-01,ZAFQHwmlZcE,Die Erinnerung - Ein Spiel auf Zeit,0,0,0,0,0,0,0
2017-08-01,DzWU7cdl_x8,Die Erinnerung an die Wahrheit: Sch√∂pferwissen TV Teil 3,0,0,0,0,0,0,0
2017-08-01,BdTH4AtcBvo,"Endzeit: Falsche Heiler und Propheten, davon wird es viele geben",0,0,0,0,0,0,0
2017-07-31,ejMFXHXVAK0,Worin liegt die wahrhafte Absicht?,0,0,0,0,0,0,0
2017-07-30,LIKMTIpjj-E,Der Fehler in der Matrix -  auf einmal war das Wissen da,0,0,0,0,0,0,0
2017-07-30,J4llBQpHRi4,Die Erinnerung an die Wahrheit : SchoÃàpferwissen TV,0,0,0,0,0,0,0
2017-07-27,mX0FX65YLwg,"Auf dem Weg ins Wissen, Intuition, Hellsichtigkeit deine Wahrhaftigkeit",0,0,0,0,0,0,0
2017-07-26,_rish0cRZJg,Erkenntnisbericht Kata: Was ist das D√§monische,0,0,0,0,0,0,0
2017-07-25,beh9sZ7UcRA,Was dir niemand √ºber Thomas Veit erz√§hlt,0,0,0,0,0,0,0
2017-07-25,X7Xk2Kp_Eck,Die Wahrheit tut weh aber die L√ºge bringt euch um uncut,0,0,0,0,0,0,0
2017-07-25,ejd4DXlkVFU,Thomas Veit - Schaut mal richtig hin,0,0,0,0,0,0,0
2017-07-25,EO2tv4J1H6k,Sprache als Manipulationsmittel,0,0,0,0,0,0,0
2017-07-25,Tu6aSreZevo,"Wissen, Hellsichtigkeit, macht euch bereit!",0,0,0,0,0,0,0
2017-07-22,o-zrr4Ag7qo,So funktioniert Manipulation - Fallbeispiel Sch√∂pferwiesen TV,0,0,0,0,0,0,0
2017-07-21,I8c6VPckb0w,Spirituelle Fehlleitungen und Verstandesmanipulation,0,0,0,0,0,0,0
2017-07-21,RQAsoGA9NT4,Die Machart der Matrix - Verstandesmanipulation und Spirituelle Fehlleitungen,0,0,0,0,0,0,0
2017-07-16,5IEKmDJfXek,"Hola amigo, Hello my good friend - Selbstprogrammierung durch Sprache",0,0,0,0,0,0,0
2017-07-16,uha4IAJ6URc,Die Machart der Matrix,0,0,0,0,0,0,0
2017-07-16,SAS_62gP_v8,Programm vs. Wahrhaftigkeit,0,0,0,0,0,0,0
2017-07-15,vWvaqq66F5M,Zerst√∂rung bis in den Tod -  Matrix Programme,0,0,0,0,0,0,0
2017-07-15,eIjKC1NELz4,Julia: Das Strukturierte Prinzip der Liebe,0,0,0,0,0,0,0
2017-07-15,wb5GY4sA50k,"Ausschnitt aus dem Podcast: Es gibt keine Fehler, es gibt nur das nicht richtige Verstehen",0,0,0,0,0,0,0
2017-07-14,XuXJB6mcufU,Keiner Macht dem Informationskrieg,0,0,0,0,0,0,0
2017-07-13,WdqZCJTCNHA,Wer ist Sch√∂pferwiesen TV - Ein Sinnbild der Dummheit der Menschheit?,0,0,0,0,0,0,0
2017-07-13,6UpP2qZRajM,Podcast Thomas Warum die Welt so ist wie sie ist,0,0,0,0,0,0,0
2017-07-11,GDcu0cqBWbY,Die Welt der Matrix Programme in voller L√§nge,0,0,0,0,0,0,0
2017-07-11,sSEbGcAfW4Q,Das Strukturierte Prinzip der Liebe wird gelebt,0,0,0,0,0,0,0
2017-07-10,ZMMCiJ3eRxA,Julia die Zweite - Sch√∂pferwissen Thomas Veit,0,0,0,0,0,0,0
2017-07-06,osPp_bu4ZB4,Wie aus Wahrheit L√ºge wurde,0,0,0,0,0,0,0
2017-07-05,qDtHiEIu5hw,Denken - Der Virus der Matrix,0,0,0,0,0,0,0
2017-07-04,wxDSJry4jP0,Wer ist Thomas Veit ?,0,0,0,0,0,0,0
2017-07-04,nVOqOWJWJBY,Einfach mal wieder Hallo sagen,0,0,0,0,0,0,0
2017-07-01,LsQy-q531_k,Wenn du wirklich wissen willst,0,0,0,0,0,0,0
2017-06-30,3ife_NoQgvY,Aufs Wiedersehen,0,0,0,0,0,0,0
2017-06-28,9NiRsgV-HdE,Das Spukhaus in der Matrix,0,0,0,0,0,0,0
2017-06-26,sCEt0zLgV30,LuÃàgenprogramme,0,0,0,0,0,0,0
2017-06-25,-C030Ohp0_0,Matrixprogramme,0,0,0,0,0,0,0
2017-06-25,W0Sexgji-UE,Sch√∂pferwissen TV und die Una Bella,0,0,0,0,0,0,0
2017-06-25,4FM1EPsn05c,Einer Allein - Thomas aus dem Hause Veit,0,0,0,0,0,0,0
2017-06-25,HiTsuu91ixA,Game Over,0,0,0,0,0,0,0
2017-06-23,XzqouRBKQHk,.. wenn du wirklich wissen willst ...,0,0,0,0,0,0,0
2017-06-23,Dv7zZ0xyv4Q,Sch√∂pferwissen TV will nur euer Geld,0,0,0,0,0,0,0
2017-06-20,Nlp18vcckAQ,Wissen zeigt sich durch das TUN,0,0,0,0,0,0,0
2017-06-20,xB_kc5ra3Kc,"Uns kriegt ihr Nie, Fickt euch ins Knie",0,0,0,0,0,0,0
2017-06-20,YuCR9e5bQQA,Im Abgrund der Matrix,0,0,0,0,0,0,0
2017-06-19,rGppbNAIk94,Das Spiel der Matrix,0,0,0,0,0,0,0
2017-06-19,J2xe3RNXKho,Transhumanismus ist RealitaÃàt,0,0,0,0,0,0,0
2017-06-14,dtwMkV8W850,Die Offenbarung - Das Programm Sch√∂pferwiesen TV,0,0,0,0,0,0,0
2017-06-14,-W2k0-UwoqY,Podcast Thomas: Exit aus der Matrix,0,0,0,0,0,0,0
2017-06-12,6DP2AOaqTCc,Der niemals endende Erkenntnisweg - Erkennen-Verstehen-Handeln,0,0,0,0,0,0,0
2017-06-11,csv2Atfces4,Er musste den Weg gehen um zu verstehen: Thomas aus dem Hause Veit,0,0,0,0,0,0,0
2017-06-09,RKFGIV4YK1c,Statement √ºber das Wirken von Thomas a.F.Veit - Die eigene Entprogrammierung mit dem Fernstudium,0,0,0,0,0,0,0
2017-06-09,PxZF1Jf-nPA,Der Kampf f√ºr die Befreiung der Menschheit Teil 1,0,0,0,0,0,0,0
2017-06-05,BKDjXD0qgHs,"Eilmeldung: Thomas und Julia, Rettung der Menschheit",0,0,0,0,0,0,0
2017-06-01,66UjlXHd9dA,"Der Weg der Entprogrammierung: Erkennen, Verstehen, HANDELN",0,0,0,0,0,0,0
2017-06-01,agDMylDcD3E,The Matrix vs. Real Creation,0,0,0,0,0,0,0
2017-05-31,mXG02F9j0ag,Erkennen Verstehen Handeln - Thomas aus dem Hause Veit,0,0,0,0,0,0,0
2017-05-31,y5QdjQxbrcY,Der Kampf der Entprogrammierung - Dein Training beginnt Jetzt,0,0,0,0,0,0,0
2017-05-29,OadOfrXOzXo,Das Lauffeuer der Wahrheit l√§sst gr√ºssen,0,0,0,0,0,0,0
2017-05-29,u5IdhE7ZQ1I,Wahrhafter Informationsaustausch im Fernstudium in der Ferne,0,0,0,0,0,0,0
2017-05-29,GUZRL4A4rFU,Ein herzliches Dankesch√∂n f√ºr die Zuarbeit von Sch√∂pferwiesen TV,0,0,0,0,0,0,0
2017-05-28,RsZ_03SVqLw,clairvoyance - Now I Know,0,0,0,0,0,0,0
2017-05-28,NE6E_Sn0wyo,Intention,0,0,0,0,0,0,0
2017-05-28,C0JqnZrducs,Die sinnlose Odysee der Menschheit - Beispiele aus dem Leben,0,0,0,0,0,0,0
2017-05-28,kQei38_gn34,Die Gefahr der Wahrheit und den Wahnsinn den man Normalit√§t nennt,0,0,0,0,0,0,0
2017-05-27,vvbgzDqMG1U,Fernstudium in der Ferne - Erfahrungsbericht Spot Thailand,0,0,0,0,0,0,0
2017-05-27,CWjYt7biRT0,"Spieglein, Spieglein ... Teil 2",0,0,0,0,0,0,0
2017-05-25,HNtdoGelHAE,Selbstzerst√∂rung durch Spiritualit√§t: Induziertes Irresein,0,0,0,0,0,0,0
2017-05-24,m3WzDocJdqI,Wahrhaft Liebe Leben Teil 2,0,0,0,0,0,0,0
2017-05-22,hrlxSWkIxu0,Wahrhaft Liebe Leben Teil 1,0,0,0,0,0,0,0
2017-05-21,DpiGwW9XTz4,Starthilfe f√ºr die eigene Entprogrammierung - Spot Thailand,0,0,0,0,0,0,0
2017-05-18,YHB9VbgBsXc,Handeln im Strukturierten Prinzip der Liebe - Sponsoring Fussballmannschaft Afrika,0,0,0,0,0,0,0
2017-05-18,4QqfPceP1g8,Fernstudium in der Ferne - Spot Thailand,0,0,0,0,0,0,0
2017-05-16,5unrcyNmlXM,Wenn du deine Berufung lebst ...,0,0,0,0,0,0,0
2017-05-14,3lRPCgpCNZo,Spieglein Spieglein an der Wand ...,0,0,0,0,0,0,0
2017-05-13,gVa9TW8KYFo,Der Weg des Kriegers f√ºr eine Ehrenwerte Gesellschaft Teil 2,0,0,0,0,0,0,0
2017-05-13,UgHtQwAWpgY,Entprogrammierung mit wahrhaften Absichten - Spot Thailand,0,0,0,0,0,0,0
2017-05-11,7fK1ShPXX_Y,Der Weg des Kriegers f√ºr eine Ehrenwerte Gesellschaft,0,0,0,0,0,0,0
2017-05-11,PhVpR7U4YuY,Der Weg des Kriegers - weiter in die Tiefen des Kaninchenbaus,0,0,0,0,0,0,0
2017-05-10,dBLBT5HKqVM,Impulse f√ºr die eigene Entwicklung,0,0,0,0,0,0,0
2017-05-10,TXxqq_HSoSs,Von Angst gesteuert oder das Leben des strukturierten Prinzips der Liebe,0,0,0,0,0,0,0
2017-05-09,LRGOObrAK1c,"Entprogrammierung - Die Wahrheit, dein Wissen bringt die Heilung",0,0,0,0,0,0,0
2017-05-09,0RUVMndMWbE,Podcast: Richtiger Einsatz unserer Schaffenskraft,0,0,0,0,0,0,0
2017-05-09,I2y0glEK0MU,Wahrhafte Wertsch√§tzung: Der Weg in eine ehrenwerte Gesellschaft,0,0,0,0,0,0,0
2017-05-06,WJqmxZraQhU,Programmbehaftetes Verhalten - So gehst du an dem was Realit√§t ist st√§ndig vorbeit,0,0,0,0,0,0,0
2017-05-06,I69GM_bNmwk,Lasst uns ein Spiel spielen ...,0,0,0,0,0,0,0
2017-05-06,LQQNrVdcPqA,Hilfe naht: Auf dem Weg der Besserung,0,0,0,0,0,0,0
2017-05-04,PTbOKYdQ2yM,St√§ndige Raumwechsel bringen Erkenntnisse mit sich auf dem Weg ins Wissen,0,0,0,0,0,0,0
2017-05-04,3Gd6gyd0OvU,Der Sch√∂pfer in dieser Welt ist die Matrix Teil 2,0,0,0,0,0,0,0
2017-05-04,JHSuXiKjlUY,"Neid, Hass und Eifersucht l√§sst Menschen kippen",0,0,0,0,0,0,0
2017-05-04,rUv9BkVzQh0,Der Sch√∂pfer in dieser Welt ist die Matrix Teil 1,0,0,0,0,0,0,0
2017-05-01,uvdBUE2l8ZA,First Rebuilding Project Bayliner Capri,0,0,0,0,0,0,0
2017-05-01,oEuR8hp_6Hs,Eine ehrenwerte Gesellschaft im Strukturierten Prinzip der Liebe,0,0,0,0,0,0,0
2017-05-01,k8JGCneu5VE,"Alarmstufe Rot: Erkennen, Verstehen, Handeln",0,0,0,0,0,0,0
2017-05-01,1jxAZoKcnzQ,Der programmierte Mensch - Verrat in den eigenen Reihen,0,0,0,0,0,0,0
2017-04-30,aRppR_v-1WA,Der D√§mon in Menschengestalt : Zerst√∂rerische Folgen von Gruppendynamiken,0,0,0,0,0,0,0
2017-04-30,x_zYvAaQ2Pg,Entprogrammierung : Einzig und allein durch deinen eigenen Weg der Selbsterkenntnis,0,0,0,0,0,0,0
2017-04-30,05qMyRdV1IQ,Der Kampf gegen die Macht der Matrix,0,0,0,0,0,0,0
2017-04-29,U3jxNk-mTLE,Das Strukturierte Prinzip der Liebe in seiner Definition,0,0,0,0,0,0,0
2017-04-27,A8Rq66FJSGQ,Im Tun liegt die Entwicklung,0,0,0,0,0,0,0
2017-04-27,ArWuwz7bBn8,Projekt Nebukadnezzar -  In Wahrhaftigkeit Realit√§ten gestalten,0,0,0,0,0,0,0
2017-04-24,N_sVPFfu9Tg,Klare Ansagen f√ºr deine Entprogrammierung,0,0,0,0,0,0,0
2017-04-24,CfRG_2rA5Go,Wie aus G√∂ttern Affen wurden: Thema Authismus,0,0,0,0,0,0,0
2017-04-22,NxW_MMbyUo0,Projekt Nebukadnezzar - Wahrhafte Impulse f√ºr deine schnelle Entprogrammierung,0,0,0,0,0,0,0
2017-04-22,PvLdpF_PbEY,Dolphine Day - Realit√§tsgestaltung im Strukturierten Prinzip der Liebe,0,0,0,0,0,0,0
2017-04-21,QwUOZ4rmhvc,"Nanobots, Morgellons und andere technologische Raffinessen der Matrix",0,0,0,0,0,0,0
2017-04-20,h5IxZK09BVU,Projektarbeit Geisteskraft Thailand - Realit√§tsgestaltung im Strukturierten Prinzip der Liebe,0,0,0,0,0,0,0
2017-04-20,ApK72cBRIJE,"Podcast: Aus den tiefen des Kanninchenbaus, Der Mensch ist das Produkt der Matrix",0,0,0,0,0,0,0
2017-04-19,CsaoPj4iB2I,Entprogrammierung der Menschheit: Projekt Nebuchadnezzar,0,0,0,0,0,0,0
2017-04-18,b-HS-ckGEyc,√ñffentlichkeitsarbeit Regierung Thailand - Realit√§tsgestaltung im Strukturierten Prinzip der Liebe,0,0,0,0,0,0,0
2017-04-17,ucBGoK-UlME,Grenzenlos Wissen: Keiner Macht den Drogen Teil 2,0,0,0,0,0,0,0
2017-04-17,3COsCJoBKMk,Grenzenlos Wissen: Keiner Macht den Drogen,0,0,0,0,0,0,0
2017-04-16,W6RE1OparxA,Das Training f√ºr deine Entprogrammierung: K√§mpfen auf allen Ebenen,0,0,0,0,0,0,0
2017-04-16,IDsLQ7d3GcI,√ñffentlichkeitsarbeit Elektrizit√§tswerk - Realit√§tsgestaltung im Strukturierten Prinzip der Liebe,0,0,0,0,0,0,0
2017-04-16,Sah1_hU4CR0,Riesige Ver√§nderungen erwarten uns: Die Welle ist da,0,0,0,0,0,0,0
2017-04-16,zCb7brb-u9I,Der Weg der Selbsterkenntnis: Autoreninterview Julian a.d.F. B√§uerle,0,0,0,0,0,0,0
2017-04-15,Bu6jnLt29eI,Das verr√ºckte Labyrinth:  Versteckte Sch√§tze in der Spiritualit√§t,0,0,0,0,0,0,0
2017-04-15,BorSIGtLWkA,Der Schl√ºssel zum Erfolg: Die richtige Realit√§tsgestaltung,0,0,0,0,0,0,0
2017-04-15,uODNZLv2rag,Robotisierte Menschheit - Die Welt der Programme,0,0,0,0,0,0,0
2017-04-14,uh1V5zpCvp8,Vom Intuitiven Wissen und Handeln,0,0,0,0,0,0,0
2017-04-13,KzeBAIVrSf8,Wahrhaftigkeit Leben - Realit√§tsgestaltung im Strukturierten Prinzip der Liebe,0,0,0,0,0,0,0
2017-04-12,YKsY7KyNw3o,Der programmierte Mensch: Verstandesmanipulation und Spirituelle Fehlleitungen,0,0,0,0,0,0,0
2017-04-12,nFGxbh9OtUg,Unfassbar! Hilferufe aus dem Abgrund der Matrix,0,0,0,0,0,0,0
2017-04-09,1JbC-prPAKA,Erkenntnisse im Leben des Menschen - Unser Fernstudium,0,0,0,0,0,0,0
2017-04-08,PuhDYlGJ_J0,"Leserzuschriften - Erkenne, Verstehen, Handeln - Thomas a.d.F. Veit",0,0,0,0,0,0,0
2017-04-07,JFQ9PF7KT5E,Exit aus der Matrix: Der freie Wile,0,0,0,0,0,0,0
2017-04-07,F3Z37VmlgXM,Exit aus der Matrix: Blut und Blutgruppen,0,0,0,0,0,0,0
2017-04-07,Lm-NE46SQr0,Exit aus der Matrix: Dejavus,0,0,0,0,0,0,0
2017-04-07,5fxIIrH1Cuc,Exit aus der Matrix: Sinnest√§uschungen,0,0,0,0,0,0,0
2017-04-07,81xt8XDzTNM,Exit aus der Matrix: Die Haut,0,0,0,0,0,0,0
2017-04-07,arrzFhkHU9Y,Exit aus der Matrix: Der physische K√∂rper,0,0,0,0,0,0,0
2017-04-07,JSt8mY78ok8,Exit aus der Matrix: Schlangen und Drachenkult,0,0,0,0,0,0,0
2017-04-07,eG4VsPhA-Dc,Exit aus der Matrix: Angst und Schmerz,0,0,0,0,0,0,0
2017-04-07,1BxVG1zcYSM,Exit aus der Matrix: Angriffe der Matrix,0,0,0,0,0,0,0
2017-04-07,yVh-ran8kaI,Exit aus der Matrix: Der Umbau des Menschen,0,0,0,0,0,0,0
2017-04-06,XDIupSMuZe4,Lasst uns Menschen machen,0,0,0,0,0,0,0
2017-04-06,E8NzR3IH6bs,Die Computersimulierte Welt - Schon jetzt unsere Realit√§t,0,0,0,0,0,0,0
2017-04-05,-qEmcnqX6SM,Wahrhafte Impulse f√ºr dein √úberleben Teil 2 - Exklusivinterview,0,0,0,0,0,0,0
2017-04-04,0smvbjb1x5o,Projekt Nebuchadnezzar,0,0,0,0,0,0,0
2017-04-03,kXXO2mqt7is,unfassbar: transhumanoide Robotermenschen sind bereits Realit√§t!,0,0,0,0,0,0,0
2017-04-02,T-7Xy62wGGA,Erdgebundene Seelen und die Technokratisierung des gesamten Universums,0,0,0,0,0,0,0
2017-03-31,uT88422-SDU,Wahrhafte Impulse f√ºr dein √úberleben,0,0,0,0,0,0,0
2017-03-30,f3hKpYhUblk,Der Programmierte Mensch:  Denken vs. Wissen,0,0,0,0,0,0,0
2017-03-29,rOm5g953FFo,"Der Programmierte Mensch: spannend, Frauen allein zu Haus",0,0,0,0,0,0,0
2017-03-28,3QMU8U9yUdA,Herzlich Willkommen im Paradies,0,0,0,0,0,0,0
2017-03-27,lXQMSjrnBUI,Finde deinen Seelenpartner,0,0,0,0,0,0,0
2017-03-27,LeJCV7QelLE,Dimensions√ºbergang macht euch bereit,0,0,0,0,0,0,0
2017-03-27,vh98LH8dMg4,Prophezeiungen Alois Irlmaier und Van Rensburg,0,0,0,0,0,0,0
2017-03-27,azcD-HpRAJY,Sananda erl√∂se uns von dem B√∂sen,0,0,0,0,0,0,0
2017-03-27,Dh7gtfz6iuM,Leserzuschriften Teil 2: Der Programmierte Mensch,0,0,0,0,0,0,0
2017-03-24,eROwDZewMDk,Grigori Grabovoi LIVE-WEBINAR !! F√ºr alle Menschen - kostenfrei,0,0,0,0,0,0,0
2017-03-24,JJz1vM8OiGM,Das strukturierte Prinzip der Liebe,0,0,0,0,0,0,0
2017-03-24,ld4p-Hvz5iY,Was bringt die neue Zeit,0,0,0,0,0,0,0
2017-03-24,Zy8yOQz3xh4,Verstandesparasiten,0,0,0,0,0,0,0
2017-03-24,S4ob86mVYLE,Transhumanuismus,0,0,0,0,0,0,0
2017-03-24,Tm98oPp5hNY,Realit√§tstgestaltung wie sie richtig funktioniert,0,0,0,0,0,0,0
2017-03-23,xgHoiPoxqZo,KI und was es damit auf sich hat,0,0,0,0,0,0,0
2017-03-23,Ah9UAIEdthE,Die Wiedergeburt der Erde,0,0,0,0,0,0,0
2017-03-23,tHr2lqB-hn0,Erdgebundene Seelen,0,0,0,0,0,0,0
2017-03-23,VF-RZuY8xHw,Der Mond: Projektion des Todes,0,0,0,0,0,0,0
2017-03-22,7z4Lefvil88,Compact gesteuert Teil 2,0,0,0,0,0,0,0
2017-03-22,EkVX7qfKCbI,"Guten Tag, Guten Abend und gute Nacht  - Leserzuschriften",0,0,0,0,0,0,0
2017-03-22,UMU8p0hdp9I,Nicht aufgeben!,0,0,0,0,0,0,0
2017-03-20,hlkZThQ4XEo,Das liebe Geld und weitere Gesetzm√§ssigkeiten der Matrix,0,0,0,0,0,0,0
2017-03-20,FUuLal04r40,Bist du ein Indigo?,0,0,0,0,0,0,0
2017-03-19,TnPutFt_UeU,"Mutter, Vater, Kind: Erkenne das Programm und rette Dich solange Du noch kannst!",0,0,0,0,0,0,0
2017-03-19,FhQ81jccyMI,Erkenntnisse im Leben des Menschen,0,0,0,0,0,0,0
2017-03-17,q6c1ODbwvpU,Die Wahrheit wird unsere Rettung sein,0,0,0,0,0,0,0
2017-03-16,TH5DoHTmGO0,Die 3 Tage Finsternis und die neuesten unglaublichen Erkenntnisse dazu,0,0,0,0,0,0,0
2017-03-15,lYTduodky-k,... und an ihren Taten werdet Ihr Sie erkennen,0,0,0,0,0,0,0
2017-03-13,VBEI7KtuVs8,Die Gesetzte der Matrix Teil 3,0,0,0,0,0,0,0
2017-03-13,60itdSh8KKY,Die Gesetze der Matrix Teil 2,0,0,0,0,0,0,0
2017-03-13,f5rNmzr6lA8,Die Gesetze der Matrix Teil 1 - Triologie,0,0,0,0,0,0,0
2017-03-11,UPk_eBlzRAo,"Feldforschung: Imlantate, Parasiten, Fremdk√∂rper im physischen K√∂rper des Menschen",0,0,0,0,0,0,0
2017-03-11,SRCfJewxN6k,Der Programmierte Mensch Teil 2,0,0,0,0,0,0,0
2017-03-10,tqFreFd9vS4,Polsprung es ist soweit- mach dich bereit,0,0,0,0,0,0,0
2017-03-07,bKZ0kt4Ma0M,Willkommen in der Matrix: Brot und Spiele f√ºr die Massen,0,0,0,0,0,0,0
2017-03-07,RnN0f3DQmAE,"Die Aborigines, Das universelle Wissen und Die Rettung der Menschheit",0,0,0,0,0,0,0
2017-03-05,i5e68hc5hzs,Der Weg in das Strukturierte Prinzip der Liebe Teil 2,0,0,0,0,0,0,0
2017-03-04,eO8Er0NK1kM,Auf dem Weg der Selbsterkenntnis: Die Wertsch√§tzung,0,0,0,0,0,0,0
2017-03-03,GPM6O_8i_Pk,Geschafft!,0,0,0,0,0,0,0
2017-03-01,CO32EvMEQ5k,Klappe zu - Affe tot - Menschheit gescheitert - Teil 2,0,0,0,0,0,0,0
2017-03-01,dM84fXgkQpk,Klappe zu - Affe tot - Menschheit gescheitert,0,0,0,0,0,0,0
2017-02-28,ij2uFqlnITY,Der Programmierte Mensch,0,0,0,0,0,0,0
2017-02-24,boxudjAnCAo,Der Weg in das Strukturierte Prinzip der Liebe,0,0,0,0,0,0,0
2017-02-22,Gc_cBEO6a_o,Fehler erw√ºnscht: Der Weg der Selbsterkenntnis,0,0,0,0,0,0,0
2017-02-22,p8XC5DP3BOA,Kaufen und Verkaufen in Wahrhaftigkeit - Nur Wie?,0,0,0,0,0,0,0
2017-02-13,NLBrfnS7KTM,Erfahrungsbericht: Der D√§mon in Menschengestalt,0,0,0,0,0,0,0
2017-02-11,Vp7TNT5IanE,Offenbarung Thailand Project: Max & Carola's geistige Verwirrtechniken,0,0,0,0,0,0,0
2017-02-11,2QMHyTA8aqo,Im Sch√∂pferwissen vor Ort auf Koh Phangan,0,0,0,0,0,0,0
2017-02-10,Dd73Rw_7aAI,Das Spiel des Lebens - Wie aus G√∂ttern Affen wurden,0,0,0,0,0,0,0
2017-02-10,eAE9-9bvN20,Sch√∂pferwissen TV meets Sch√∂pfungskraft TV,0,0,0,0,0,0,0
2017-02-08,X4VyA6gXLCo,Der Erkenntnisweg - Fernstudium Im Sch√∂pferwissen - Der Weg direkt am Abgrund,0,0,0,0,0,0,0
2017-02-08,s-SWvqloX7c,Die Strategie der D√§monen - Die Offenbarung,0,0,0,0,0,0,0
2017-02-07,ZhKX3GQDAT0,"Wenn ihr euch selbst nicht helft, hilft euch niemand",0,0,0,0,0,0,0
2017-02-07,ikpnXp-8oC4,Die Rettungsaktion - Ein Kampf gegen die Zeit,0,0,0,0,0,0,0
2017-02-02,TR_jRhV1uCo,Selbstzerst√∂rung Mensch - Wie aus G√∂ttern Affen wurden,0,0,0,0,0,0,0
2017-01-31,9bYReeUICHE,Die gef√§lschte Realit√§t: Ein Versprechen auf das Ewige Leben,0,0,0,0,0,0,0
2017-01-28,czTbScX1PAc,Ein Treffen in Wahrhaftigkeit 22. bis 31. Januar 2017,0,0,0,0,0,0,0
2017-01-25,yZDBEMLqI68,Lass deine Freunde nah an dich ran und deine Feinde noch viel naÃàher,0,0,0,0,0,0,0
2017-01-19,3U3xg3RJPbo,"Wenn Ihr die Wahrheit wollt, geht zu Euch selbst!",0,0,0,0,0,0,0
2017-01-17,1PBhx7vSr9k,Compact gesteuert,0,0,0,0,0,0,0
2017-01-16,0lUfnGeIQqc,Anunnaki Teil 3 - Die Versklavung der Menschheit - Der Wille ist frei!,0,0,0,0,0,0,0
2017-01-12,QeTDmcgPLTI,Das Strukturierte Prinzip der Liebe,0,0,0,0,0,0,0
2017-01-10,xzJJgSju2Dk,Live Schaltung Serbien: Gro√ües Dankesch√∂n von Grigori P. Grabovoi,0,0,0,0,0,0,0
2017-01-09,7beTBLUuLac,Entprogrammierung Mensch -  Wie aus Affen G√∂tter werden,0,0,0,0,0,0,0
2017-01-08,9CkReX7XJDg,Herzlichen Dank Grigori Grabovoi,0,0,0,0,0,0,0
2017-01-05,hZRGaVk9XGU,K√§mpfe!,0,0,0,0,0,0,0
2017-01-04,J3_l_kchu8g,Stellungnahme Lost Paradise Seminar 24 Dezember,0,0,0,0,0,0,0
2016-12-22,4IRF80px8TU,Im Sch√∂pferwissen - Nur die Liebe kann uns Retten,0,0,0,0,0,0,0
2016-12-21,bXbG198Mm58,Das wahrhafte Wissen √ºber die Rettung und harmonische Entwicklung,0,0,0,0,0,0,0
2016-12-19,AdDi3EhpYrg,Techniken im Leben des Menschen - Lost Paradise Seminar 07. bis 16. Dezember,0,0,0,0,0,0,0
2016-12-18,JwWNrbR-6R8,Hallo aus dem Paradis!,0,0,0,0,0,0,0
2016-12-13,xbHSWIueCuw,Couchtalk: Keshe Foundation und andere kriminelle Machenschaften gegen die Menschheit,0,0,0,0,0,0,0
2016-12-04,YYGTzRqCLQE,Bewu√ütseins-Entwicklung 2.1!,0,0,0,0,0,0,0
2016-12-01,glBasiIvHfk,Wir sind Eins - Seminar Lost Paradise 11 bis 20 November 2016,0,0,0,0,0,0,0
2016-11-23,GvTgTsFTVRY,Wahrhaftigkeit ist keine Option - K√§mpfe f√ºr die Rettung der Menschheit!,0,0,0,0,0,0,0
2016-11-17,QYX1a8rXScc,Neues aus dem Paradis,0,0,0,0,0,0,0
2016-11-14,vcljLQIQlMw,Lasst Euch nicht in den Abgrund ziehen!,0,0,0,0,0,0,0
2016-11-10,v6HWrMMhAyU,Der Weg in die Freiheit - Verstandesmanipulation und Spirituelle Fehlleitungen,0,0,0,0,0,0,0
2016-11-09,3pr6YoJWkdk,Neues aus dem Paradies,0,0,0,0,0,0,0
2016-11-08,SwKQDv6riCQ,Nichts ist wie es scheint - Mythos und Wahrheit Grigori Grabovoi,0,0,0,0,0,0,0
2016-11-08,dVH1gwAcZVU,Leserzuschriften Oktober die Zweite,0,0,0,0,0,0,0
2016-11-06,3qA0G2DZyqU,Bekanntgabe des Entzugs der TP1 Dozenten Lizenz Thomas a.d.F.Veit Sch√∂pferwissen TV,0,0,0,0,0,0,0
2016-11-06,6cf_bN8U9z8,Leserzuschriften Oktober Die Erste,0,0,0,0,0,0,0
2016-11-04,Hmxx0qMGbzg,"Das Geheimnis einer schnellen Entwicklung: Erkennen, Verstehen, Handeln !",0,0,0,0,0,0,0
2016-11-02,ozNv---3mvA,Lost Paradise Thailand Project,0,0,0,0,0,0,0
2016-10-29,t9sju4c-fvI,Auf dem Weg zum Lost Paradise Thomas a.d.F.Veit,0,0,0,0,0,0,0
2016-10-28,uVWIkGitHK8,No Name,0,0,0,0,0,0,0
2016-10-27,IoDJHTXw_o8,Gesellschaftliche Programmierungen ein Fallbeispiel,0,0,0,0,0,0,0
2016-10-26,5d1vtkwuyew,Das Gesch√§ft mit der Lehre Grabovoi - Mythos und Wahrheit,0,0,0,0,0,0,0
2016-10-26,uxDu9akEGeg,Podcast Das Wissen √ºber die Rettung der Menschheit - Neuauflage Fernstudium/H√∂rbuchseminar,0,0,0,0,0,0,0
2016-10-25,0UzlEytUp6c,Im SchoÃàpferwissen mit und von Thomas a.d.F. Veit,0,0,0,0,0,0,0
2016-10-24,8nzcMShOv2s,Thailand Project Lost Paradise,0,0,0,0,0,0,0
2016-10-20,-yvtURd9s4c,NEU Gew√∂hne Dich an Wunder und akzeptiere Sie!,0,0,0,0,0,0,0
2016-10-19,uvClLLbUqEE,Seminar Lost Paradise,0,0,0,0,0,0,0
2016-10-13,eaZePJnC5mY,Hoffnung,0,0,0,0,0,0,0
2016-10-09,2-mJTrvfFn8,Die Liebe und ihre Definition durch Worte und Taten,0,0,0,0,0,0,0
2016-10-09,xSevF2LA040,Das Thailand Project geht neue Wege - Der Liebesgarten nach dem Mondkalender und ...,0,0,0,0,0,0,0
2016-10-08,Pajrc88skgM,Frag doch den Thomas - Leserzuschriften September Teil 2,0,0,0,0,0,0,0
2016-10-07,NveVSO7s4pk,Frag doch den Thomas - Leserzuschriften September Teil 1,0,0,0,0,0,0,0
2016-10-02,JXzqi3SeLko,Whistle Blower und Ihr geheimes Wissen,0,0,0,0,0,0,0
2016-09-28,c75m5LYvE7k,Couch Talk: Verstandesmanipulation und Willensschw√§chung,0,0,0,0,0,0,0
2016-09-21,Drjl4xmcJXY,Erfahrungen aus dem Leben mit Transhumanismus - Nichts kann ohne unsere Aufmerksamkeit existieren,0,0,0,0,0,0,0
2016-09-15,7fR19FTsrJs,Rette Dich  - Auf dem Weg zum Sch√∂pferwissen,0,0,0,0,0,0,0
2016-09-02,FpTo9OSVU2U,Am Abgrund - Auf dem Weg zum Sch√∂pferwissen,0,0,0,0,0,0,0
2016-08-19,AeYQG7aXVBA,Nur angewandtes Wissen ist wahres Wissen,0,0,0,0,0,0,0
2016-08-12,hkwltkapQuQ,Spirituelle Fehlleitungen - Podcast Thomas,0,0,0,0,0,0,0
2016-08-06,uzrLdmee-vQ,Der Tod als Illusion - Erfahrungen der sofortigen Wiederherstellung,0,0,0,0,0,0,0
2016-08-04,y2jnxZcMo0s,Das Biest in Dir - Wie aus G√∂ttern Affen wurden,0,0,0,0,0,0,0
2016-08-04,dm8QzXgKuCQ,Das Webinar Auf dem Weg zum Sch√∂pferwissen,0,0,0,0,0,0,0
2016-07-28,3IIARHKxkbQ,"Die Wahrheit tut weh, aber die L√ºge bringt euch um - Statement Thomas",0,0,0,0,0,0,0
2016-06-29,X45Z4nHFpNA,Auf der Suche nach der Wahrheit - Statement Julia,0,0,0,0,0,0,0
2016-06-03,AVhpYG5Aacg,Gor Timofey Rassadin - Neugeburt der Erde und der Menschheit,0,0,0,0,0,0,0
2016-04-30,zle8_QpcY8Q,Angriffe und Besetzungen - Der Beste Schutz ist LIEBE,0,0,0,0,0,0,0
2016-04-17,7bkr-qTNL_s,Realit√§tsgestaltung - Der Mensch auf Sch√∂pferebene,0,0,0,0,0,0,0
2016-04-16,6YJUpTnzBts,Auf dem Weg zum Sch√∂pferwissen Teil 5,0,0,0,0,0,0,0
2016-04-08,8az8NlkV34w,Frei von Besetzungen und Fremdsteuerung - Auf dem Weg zum Sch√∂pferwissen,0,0,0,0,0,0,0
2016-04-03,mPQyXOrHbGA,Eurogendfor Die FEMA Europas mit der Lizenz zum T√∂ten,0,0,0,0,0,0,0
2016-04-02,89OL9qWlwF0,Geistheiler Sananda: Indigos & Reptiloiden in Menschengestalt,0,0,0,0,0,0,0
2016-04-01,kfRG91xeELM,Die unglaubliche Wahrheit √ºber Indigo-Menschen,0,0,0,0,0,0,0
2016-03-27,6FP9zAt-Fj0,Mein Seelenplan - Rettung und harmonischen Entwicklung,0,0,0,0,0,0,0
2016-03-22,LyVuDuGxMhM,Die Welt mit den Augen eines Indigos Teil 3,0,0,0,0,0,0,0
2016-02-29,zhCDWmk7i3E,Transhumanismus und Implantate,0,0,0,0,0,0,0
2016-02-23,6o44-E-mO9s,Die andere Wahrheit √ºber das BGB,0,0,0,0,0,0,0
2016-02-23,Vz-QvGkmuBs,Die andere Wahrheit √ºber Parteien,0,0,0,0,0,0,0
2016-02-22,efPq-pKZ1XY,Die Pl√§ne der NWO - Eine Erde ohne Menschen,0,0,0,0,0,0,0
2016-02-21,sZE59MLMiRc,Rette Dich und damit alle Anderen,0,0,0,0,0,0,0
2016-02-14,IWMDuycOzHM,Das Wissen von der Rettung und harmonischen Entwicklung,0,0,0,0,0,0,0
2016-02-13,ruLCOBUHuKw,Die andere Wahrheit √ºber Schule und Studium,0,0,0,0,0,0,0
2016-02-12,tA_TpZn03Ao,Die Sch√∂pferlehre - Unsere ewige geistige Entwicklung,0,0,0,0,0,0,0
2016-02-12,a6Zwz5Ode6Y,Die andere Wahrheit √ºber die Wahrheit,0,0,0,0,0,0,0
2016-02-12,zx50nPrXjCU,Die andere Wahrheit √ºber das Ego,0,0,0,0,0,0,0
2016-02-12,mVaTUqc-3V8,Die andere Wahrheit √ºber die Zeit,0,0,0,0,0,0,0
2016-02-12,bG4RxrKUvs8,Die andere Wahrheit √ºber Prophezeiungen,0,0,0,0,0,0,0
2016-02-07,d-AZHUYrmUk,"Sch√∂pferwissen TV, Grigori Grabovoi und das Thailand Project",0,0,0,0,0,0,0
2016-02-07,IyRN7s6u8l0,Auf dem Weg zum Sch√∂pferwissen Teil 4,0,0,0,0,0,0,0
2016-02-05,fL19Y_Nk-iU,Die unglaubliche Wahrheit √ºber Indigo-Menschen,0,0,0,0,0,0,0
2016-01-31,AKNeNSUZzQs,Die andere Wahrheit √ºber Massenmedien,0,0,0,0,0,0,0
2016-01-31,gDpmPWpyNXM,Die andere Wahrheit √ºber das Fernsehn,0,0,0,0,0,0,0
2016-01-31,dq1XjZWDMtY,Die andere Wahrheit √ºber Rauchen,0,0,0,0,0,0,0
2016-01-31,d3dq6zTqHBU,Die andere Warheit √ºber Asbest,0,0,0,0,0,0,0
2016-01-31,GOWHxi_f_nA,Die andere Wahrheit √ºber Fluoride,0,0,0,0,0,0,0
2016-01-31,uvTtGDsMxOw,Die andere Wahrheit √ºber Krankheiten,0,0,0,0,0,0,0
2016-01-31,t2MXIKtfrcM,Die andere Wahrheit √ºber die Mikrowelle und Mikrowellen,0,0,0,0,0,0,0
2016-01-26,4yNaUxHCVQ8,Bioroboter bereits unbemerkt unter uns - Wie aus G√∂ttern Affen wurden,0,0,0,0,0,0,0
2016-01-25,tx5zee7EFDI,Die andere Wahrheit √ºber Bio Organic Food,0,0,0,0,0,0,0
2016-01-25,7iZfZC8uJys,Die andere Wahrheit √ºber Nahrungsmittel,0,0,0,0,0,0,0
2016-01-24,qXCzSqUXzx0,Die andere Wahrheit √ºber Krebs,0,0,0,0,0,0,0
2016-01-24,56RC9KYDlZk,Die andere Wahrheit √ºber Smartphones,0,0,0,0,0,0,0
2016-01-24,eMBY0mHy1dc,Die Macht des Kollektiven Bewusstseins,0,0,0,0,0,0,0
2016-01-22,AUcpGmVmEM8,Die Welt mit den Augen eines Indigos Teil 2 - Wie aus G√∂ttern Affen wurden,0,0,0,0,0,0,0
2016-01-21,uF5di6Q_K4w,"Heiler, Geisterj√§ger und Indigo Teil 2  - Wie aus G√∂ttern Affen wurden",0,0,0,0,0,0,0
2016-01-20,DSCaL_tdPag,"Heiler, Geisterj√§ger und Indigo Teil 1  - Wie aus G√∂ttern Affen wurden",0,0,0,0,0,0,0
2016-01-18,1Am-SIRbPPs,Biowaffen - Wie aus Affen G√∂tter werden,0,0,0,0,0,0,0
2016-01-13,g3O8LQ8Q9zs,Auf dem Weg zum Sch√∂pferwissen Teil 3,0,0,0,0,0,0,0
2016-01-04,9dABVpoENqQ,The Secret - Das Erfolgskonzept,0,0,0,0,0,0,0
2016-01-03,JtbHgS5reKk,Mensch vs Person - Wie aus G√∂ttern Affen wurden,0,0,0,0,0,0,0
2016-01-03,FLYnAzVNCUg,Auf dem Weg zum Sch√∂pferwissen Teil 2,0,0,0,0,0,0,0
2015-12-24,Mw5jEqss4Tk,Der Bann ist gebrochen - Wie aus G√∂ttern Affen wurden,0,0,0,0,0,0,0
2015-12-21,9SgVK_VKKMw,Wie aus Affen G√∂tter werden - Das Wissen von der Rettung und harmonischen Entwicklung,0,0,0,0,0,0,0
2015-12-17,wmbgRNoOp5Y,Auf dem Weg zum Sch√∂pferwissen Teil 1,0,0,0,0,0,0,0
2015-12-14,NHaNnRHVPRg,Die Sch√∂pferlehre vs Die Lehre Luzifers Teil 2,0,0,0,0,0,0,0
2015-12-13,mj7lORdbZN8,Die Sch√∂pferlehre vs Die Lehre Luzifers Teil 1,0,0,0,0,0,0,0
2015-12-07,j_sVTrCXtb4,Polizei hat Angst vor Terror Anschl√§gen - Wie aus G√∂ttern Affen wurden,0,0,0,0,0,0,0
2015-11-03,8N-sRYo6HAM,ISIS K√§mpfer - Geplanter V√∂lkermord an den deutschen B√ºrgern!,0,0,0,0,0,0,0
2015-10-26,pqeiT_5Wsr0,Ausschnitt H√∂rbuchseminar Der Mensch auf Sch√∂pferebene- Rettung,0,0,0,0,0,0,0
2015-10-26,wUTlRqSNCmQ,Krebs ist schon lange heilbar - Wie aus G√∂ttern Affen wurden!!!,0,0,0,0,0,0,0
2015-10-25,EaMUGeWpCZI,Verborgerne Geheimnisse der Menschheit  - Wie aus G√∂ttern Affen wurden,0,0,0,0,0,0,0
2015-10-25,AwreZlFt9SU,Immigrationskrieg Deutschland  - Die Russen kommen!!!,0,0,0,0,0,0,0
2015-10-14,wRh3T20Jrxo,Es lebe das Sch√∂pferwissen - Der Mensch auf Sch√∂pferebene,0,0,0,0,0,0,0
2015-10-11,VjxWwaXon0w,H√∂rprobe Auf dem Weg zum Sch√∂pferwissen Thomas a.d.F. Veit,0,0,0,0,0,0,0
2015-10-06,888QTosLDco,Eins Zwei Polizei - Krieg in Deutschland,0,0,0,0,0,0,0
2015-10-01,oyl3aWAd0Pg,Krieg oder Fieden handle JETZT Teil 2 - Wie aus G√∂ttern Affen wurden,0,0,0,0,0,0,0
2015-09-29,EMTgr336aVU,Krieg oder Frieden handle JETZT Teil 1 - Wie aus G√∂ttern Affen wurden,0,0,0,0,0,0,0
2015-09-26,mQpFfZcKj20,Verhinderung m√∂glicher globaler Kathastrophen mit dem INDEX I,0,0,0,0,0,0,0
2015-09-24,SoCIXhBh7-o,Erkenne die Illusion und Du erkennst Dich selbst! - Wie aus Affen G√∂ttern Affen wurden,0,0,0,0,0,0,0
2015-09-19,TJitBF36LsM,Anunnaki - Die gef√§lschte Realit√§t - Wie aus G√∂ttern Affen wurden,0,0,0,0,0,0,0
2015-09-18,5cUgerE56es,Anunnaki Teil 2  - Wie aus G√∂ttern Affen wurden,0,0,0,0,0,0,0
2015-09-12,YVRY_ZK84qc,Spiritualit√§t und Bewusstsein  - Wie aus G√∂ttern Affen wurden!,0,0,0,0,0,0,0
2015-08-31,v70MhDpqde4,Wie aus G√∂ttern Affen wurden - Auf dem Weg zum Sch√∂pferwissen,0,0,0,0,0,0,0
2015-08-25,Hs-jpeE_Gh8,Wie aus G√∂ttern Affen wurden - Thomas a.d.F.Veit,0,0,0,0,0,0,0
2015-08-25,QtwTarBARF4,Anunnaki Teil1 - Wie aus G√∂ttern Affen wurden,0,0,0,0,0,0,0
2015-08-07,Rps9SBzcQ-g,Wie aus G√∂ttern Affen wurden - Buchbeschreibung,0,0,0,0,0,0,0
2015-08-07,_Qc4JmBnepQ,Wie aus G√∂ttern Affen wurden - Julias Buchbeschreibung zu dem Buch,0,0,0,0,0,0,0
